venue_id,remote_id,name,url,start_time,cost,description
,1642857,Cornell Concert Archives: our vintage concert t-shirt sale!,https://events.ithaca.edu/event/cornell_concert_archives_our_vintage_concert_t-shirt_sale,2019-04-29T10:00:00-04:00,"","<p>Hi There!</p>

<p>Have you been to one of Cornell&#39;s past concerts and want to rep a band you love?</p>

<p><b>Come join us for Concert Archives: our vintage concert t-shirt sale!</b></p>

<p>We&#39;re going to have shirts from your favorite artists ranging from Bob Dylan to Drake for only $5, and all the proceeds will be donated to United Way of Tompkins County.&nbsp;United Way fights for the health, education, and financial stability of every person in every community. Learn more about them here:&nbsp;<a href=""https://nam01.safelinks.protection.outlook.com/?url=https%3A%2F%2Fwww.unitedway.org%2F&amp;data=02%7C01%7Ctmccarthy%40ithaca.edu%7C548bcfd0dcd5470d1fcd08d6be838a25%7Cfa1ac8f65e5448579f0b4aa422c09689%7C0%7C0%7C636905869502495122&amp;sdata=dHjGCb6OOQ%2BKmnNcU9spZNqKQrUnyfTYNWiatLMT178%3D&amp;reserved=0"" rel=""noopener noreferrer"" target=""_blank"">https://www.unitedway.org/</a></p>

<p><b>We will be located in the Memorial Room in Willard Straight Hall on Monday, April 29th from 10am-2pm &amp; Wednesday, May 1st from 10am-1pm.</b></p>

<p>To learn more, RSVP here:<a href=""https://nam01.safelinks.protection.outlook.com/?url=https%3A%2F%2Fwww.facebook.com%2Fevents%2F271995250386009%2F&amp;data=02%7C01%7Ctmccarthy%40ithaca.edu%7C548bcfd0dcd5470d1fcd08d6be838a25%7Cfa1ac8f65e5448579f0b4aa422c09689%7C0%7C0%7C636905869502505127&amp;sdata=CpJagashANHepOaaGAZnbw2NHIKz8Pf8EXkUpXuDkwY%3D&amp;reserved=0"" rel=""noopener noreferrer"" target=""_blank""><b>https://www.facebook.com/events/271995250386009/</b></a></p>

<p>&nbsp;</p>

<p>We hope to see you there!</p>

<p>&nbsp;</p>

<p>&nbsp;</p>

<p>- Campus Activities</p>
"
143,1638174,Mindfulness Month - Ongoing Opportunities for Meditation,https://events.ithaca.edu/event/mindfulness_month_-_ongoing_opportunities_for_meditation,2019-04-29T12:00:00-04:00,,"Open Guided Meditation in Muller Chapel 
Every Monday, Wednesday and Friday 
12:00 PM - 12:30 PM | Muller Chapel
Cushions provided, no prior experience required.

Open Meditation at Namgyal Monastery, Institute of Buddhist Studies
Every Monday, Wednesday and Friday 
5:15 PM to 6:00 PM | 201 Tibet Drive, Ithaca (1.6 miles from IC)

Contact: Kati Lustyik, klustyik@ithaca.edu or Julia Lapp, jlapp@ithaca.edu for more information"
,1601783,Workshop 1: Making Success a Habit,https://events.ithaca.edu/event/workshop_1_making_success_a_habit_5202,2019-04-29T15:00:00-04:00,,"Students learn about current trends, best practices, and tools that enhance communication as the norms of business evolve. These communication techniques will then be put into practice within the framework of creating a personal professional network. This workshop is open to all majors across campus."
,1629121,"Workshop 4 Life After IC Series: Stephen Ritz - We Love to Eat, Let's Do it Right!",https://events.ithaca.edu/event/workshop_4_life_after_ic_series_stephen_ritz_-_we_love_to_eat_lets_do_it_right,2019-04-29T15:00:00-04:00,,Stephen Ritz will discuss sustainability eating and grocery shopping habits to adopt for your life after IC!
,1538952,CANCELLED Ithaca Softball at SUNY Cortland,https://events.ithaca.edu/event/ithaca_softball_at_suny_cortland_6787,2019-04-29T16:30:00-04:00,,"CANCELLED Ithaca Softball at SUNY Cortland
Streaming Video: https://portal.stretchinternet.com/ithaca/
 https://athletics.ithaca.edu/calendar.aspx?id=9804"
140,1276316,Jazz Vocal Repertory Ensemble,https://events.ithaca.edu/event/jazz_vocal_repertory_ensemble_7679,2019-04-29T19:00:00-04:00,,"Monday, 4/29/2019
7:00pm  |  Hockett Family Recital Hall
Jazz Vocal Repertory Ensemble
John White, director
Hannah Martin, graduate assistant director
JOY
Selecctions include Moonglow, Caravan, Fly Me to The Moon,
Blues for Stephanie, All the Things You Are, Take the “A” Train,
Joy, and a world premiere by John W. White:  Wild and Precious Life 

This concert will be livestreamed at www.ithaca.edu/music/live and will be available on-demand a few days after the concert.

Free, open to the public"
26,1637708,"Stephen Ritz: Live, Learn and Earn in a Greener Community",https://events.ithaca.edu/event/stephen_ritz_live_learn_and_earn_in_a_greener_community,2019-04-29T19:00:00-04:00,"","<p>Stephen Ritz, entrepreneur, innovator&nbsp;and visionary, and founder of the Green Bronx Machine will be speaking about how his green teaching methods have changed lives and the community in the South Bronx.</p>
"
,1629122,"Stephen Ritz: Live, Learn and earn in a greener community (2cc)",https://events.ithaca.edu/event/stephen_ritz_live_learn_and_earn_in_a_greener_community_2cc,2019-04-29T19:00:00-04:00,,"Stephen Ritz, entrepreneur, innovator and visionary, and founder of the Green Bronx Machine will be speaking about how his green teaching methods have changed lives and the community in the South Bronx."
38,1276330,Jazz Lab Ensemble,https://events.ithaca.edu/event/jazz_lab_ensemble_499,2019-04-29T20:15:00-04:00,,"Monday, 4/29/2019
8:15pm  |  Ford Hall
Jazz Lab Ensemble
Bill Tiberio, director

This concert will be livestreamed at www.ithaca.edu/music/live and will be available on-demand a few days after the concert.

Free, open to the public"
,1428578,Ithaca Women's Lacrosse vs Liberty League Quarters,https://events.ithaca.edu/event/ithaca_womens_lacrosse_vs_liberty_league_quarters,2019-04-30T00:00:00-04:00,,"Ithaca Women's Lacrosse vs Liberty League Quarters
 https://athletics.ithaca.edu/calendar.aspx?id=9633"
36,1517356,Administrative Professionals Breakfast,https://events.ithaca.edu/event/administrative_professionals_breakfast,2019-04-30T08:30:00-04:00,"","<p>Celebrate,&nbsp;with your colleagues, the&nbsp;<span style=""font-size:14.0pt""><span><span>dynamic nature of the role Administrative Professionals have and the care and skill you bring to your work every day.&nbsp; </span></span></span></p>
"
658,1517360,IC My Future Retirement Planning Event,https://events.ithaca.edu/event/ic_my_future_retirement_planning_event,2019-04-30T10:00:00-04:00,"","<p><span style=""font-size:11pt""><span><span>You are invited to the seventh annual IC My Future Retirement Planning Event. Regardless of whether you&rsquo;ve already begun arranging for your retirement years or even if you haven&rsquo;t started yet, please join the Office of Human Resources as we bring together organizations skilled at helping employees plan for retirement.&nbsp;</span></span></span></p>
"
,1647423,ArtsConnect,https://events.ithaca.edu/event/artsconnect,2019-04-30T11:00:00-04:00,,"Join us for our Spring 2019 Arts Connect event!  Meet local arts related organizations for networking, industry information, and in some cases internships, volunteer opportunities, or jobs!  Arts Connect attendees include: The Hangar Theatre, Cortland Repertory Theatre, Community School of Music and Arts!"
,1633362,Get Poppin' With EPIC,https://events.ithaca.edu/event/get_poppin_with_epic,2019-04-30T12:00:00-04:00,Free,"<p>Cool down before finals week with popsicles, bubbles, games, and more!</p>
"
143,1638174,Mindfulness Month - Ongoing Opportunities for Meditation,https://events.ithaca.edu/event/mindfulness_month_-_ongoing_opportunities_for_meditation,2019-04-30T12:00:00-04:00,,"Open Guided Meditation in Muller Chapel 
Every Monday, Wednesday and Friday 
12:00 PM - 12:30 PM | Muller Chapel
Cushions provided, no prior experience required.

Open Meditation at Namgyal Monastery, Institute of Buddhist Studies
Every Monday, Wednesday and Friday 
5:15 PM to 6:00 PM | 201 Tibet Drive, Ithaca (1.6 miles from IC)

Contact: Kati Lustyik, klustyik@ithaca.edu or Julia Lapp, jlapp@ithaca.edu for more information"
,1644120,LinkedIn Level-Up: Developing Your LinkedIn Profile for Ultimate Visibility!,https://events.ithaca.edu/event/linkedin_level-up_developing_your_linkedin_profile_for_ultimate_visibility,2019-04-30T12:05:00-04:00,,"Are you graduating soon? Are you looking for a summer or fall internship? Then this workshop is the one for you!

LinkedIn Level-Up is the final installment of Career Services and Express Employment's monthly Professional Development Series. Lauren Markon (IC Alumna and Owner of Career Connections, NJ) will be working with you on crafting your LinkedIn profile to be professional, competitive, and in line with YOUR personal brand. 

WORKSHOP DESCRIPTION:
For many professionals, their LinkedIn profile is the first link that shows up in the Google search. Whether you are in the job market or not, you cannot afford to be without a LinkedIn profile. A professionally written LinkedIn profile serves as your branding statement and introduction to the professional world. With over 400 million subscribers, LinkedIn is the social network where professionals converge. If you are in the market for a job, having a professionally crafted LinkedIn profile is a must!

What will be covered in this session? 

What should a LinkedIn Profile consist of and how does it differ from my resume?Do photos and professional headlines really matter?Should I ask for Recommendations?Do I really need 500+ connections?What should my Career Summary say?How can I improve my profile so recruiters can find me?Where and how do I upload my resume?WHERE:  BUS 111
WHEN:   Tuesday, April 30; 12:05-1:00 P.M."
,1648994,IC Library Craft Table,https://events.ithaca.edu/event/ic_library_craft_table,2019-04-30T16:00:00-04:00,,We'll be coloring and have origami paper.
143,1648665,Ecumenical Service of Remembrance for Victims of Terror Attacks in Sri Lanka,https://events.ithaca.edu/event/ecumenical_service_of_remembrance_for_victims_of_sri_lanka,2019-04-30T16:30:00-04:00,"","<p>The Office of Religious and Spiritual Life will host an ecumenical service of remembrance with our campus partners in solidarity with those who mourn the murders of more than 350 people in acts of terror in Sri Lanka on Sunday, April 21.</p>

<p>Many of the targets were Sri Lankan Christians gathered for worship on their holiest day, Easter.&nbsp;</p>

<p>Within one year, communities in each of the Abrahamic faith traditions have suffered violent attacks:</p>

<ul>
	<li>the Tree of Life Synagogue in Pittsburgh last October;</li>
	<li>the Al Noor Mosque and the Linwood Islamic Centre in Christchurch, New Zealand, last month; and, now,</li>
	<li>The Catholic Shrine of St. Anthony in Colombo, the Catholic Church of St. Sebastian in Negombo, and the Zion Church (a Protestant congregation) in Batticaloa.</li>
</ul>

<p>Come, sit in silence, offer a few words or prayer. People of faith and people of conscience, united across of differences, can and must join together in calling for an end to violence.</p>
"
,1601784,GEB April Showers Meet and Greet!,https://events.ithaca.edu/event/geb_april_showers_meet_and_greet,2019-04-30T18:00:00-04:00,,Come meet our current pups on campus dressed up in their spring attire!
140,1452642,"Graduate Recital: Peter Nowak, violin",https://events.ithaca.edu/event/graduate_recital_peter_nowak_violin_4965,2019-04-30T19:00:00-04:00,,"Tuesday, 4/30/2019
7:00pm  |  Hockett Family Recital Hall
Graduate Recital: Peter Nowak, violin


Free, open to the public"
,1488716,Ithaca Baseball vs St. Lawrence University,https://events.ithaca.edu/event/ithaca_baseball_vs_st_lawrence_university_6456,2019-04-30T19:00:00-04:00,,"Ithaca Baseball vs St. Lawrence University
 https://athletics.ithaca.edu/calendar.aspx?id=9662"
,1642247,IC Dance Team 2019-2020 Auditions,https://events.ithaca.edu/event/ic_dance_team_2019-2020_auditions,2019-04-30T20:00:00-04:00,,"Are you interested in performing at home football and basketball games? Are you interested in performing at Metlife Stadium during halftime at Cortaca? Are in you interested in performing at community events? Are in interested in going to a national competition in Daytona, FL every other year? Then dance team is perfect for you!!

We will be holding auditions for next year on Tuesday April 30th at 8pm in Dillingham Studio 1!

Come dance with us and learn more about the IC Dance Team!

Fill out the link below to sign up 
https://forms.gle/A54pRbNSZU5Je2ku8"
660,1276329,"Women’s Chorale, Chorus, and Madrigals",https://events.ithaca.edu/event/womens_chorale_chorus_and_madrigals,2019-04-30T20:15:00-04:00,,"Tuesday, 4/30/2019
8:15pm  |  Ford Hall
Women’s Chorale, Chorus, and Madrigals
Janet Galvan and Sean Linfors, directors
The Madrigal Singers present works by J. S. Bach, including music from the b minor Mass and Cantatas 102 and 140. 
Chorus sings Luk luk lumbo by Budi Susanto Yahanes, O Love by Elaine Hagenberg, Schumann’s Zigeunerleben, and more.
Women’s Chorale includes music of  Faure, Smiley, Rautavaara, and Libby Larsen




Free, open to the public"
,1619278,"Free ""Good Boys"" Screening",https://events.ithaca.edu/event/free_good_boys_screening,2019-04-30T21:15:00-04:00,Free,"<p>Universal Pictures&nbsp;is offering a free screening of <i>Good Boys</i>&nbsp;for Ithaca Students. From Executive Producer Seth Rogen,&nbsp;<i>Good Boys</i>&nbsp;follows three middle school boys on &#39;an odyssey of epically bad decisions involving some accidentally stolen drugs, frat-house paintball, and running from both the cops and terrifying teenage girls&#39;.</p>

<p>Tickets are free but can be reserved early here-&nbsp;<a href=""http://www.universalscreenings.com/?m=1VvvjGVHEdoBJ3KDm&amp;s=0Mj5cDSbvK8nGETYG"" target=""_blank"">http://www.universalscreenings.com/?m=1VvvjGVHEdoBJ3KDm&amp;s=0Mj5cDSbvK8nGETYG</a></p>
"
,1428579,Ithaca Men's Lacrosse vs Liberty League Semi Finals,https://events.ithaca.edu/event/ithaca_mens_lacrosse_vs_liberty_league_semi_finals,2019-05-01T00:00:00-04:00,,"Ithaca Men's Lacrosse vs Liberty League Semi Finals
 https://athletics.ithaca.edu/calendar.aspx?id=9614"
,1642863,Cornell Concert Archives: our vintage concert t-shirt sale!,https://events.ithaca.edu/event/cornell_concert_archives_our_vintage_concert_t-shirt_sale_9516,2019-05-01T10:00:00-04:00,"","<p>Hi There!</p>

<p>Have you been to one of Cornell&#39;s past concerts and want to rep a band you love?</p>

<p><b>Come join us for Concert Archives: our vintage concert t-shirt sale!</b></p>

<p>We&#39;re going to have shirts from your favorite artists ranging from Bob Dylan to Drake for only $5, and all the proceeds will be donated to United Way of Tompkins County.&nbsp;United Way fights for the health, education, and financial stability of every person in every community. Learn more about them here:&nbsp;<a href=""https://nam01.safelinks.protection.outlook.com/?url=https%3A%2F%2Fwww.unitedway.org%2F&amp;data=02%7C01%7Ctmccarthy%40ithaca.edu%7C548bcfd0dcd5470d1fcd08d6be838a25%7Cfa1ac8f65e5448579f0b4aa422c09689%7C0%7C0%7C636905869502495122&amp;sdata=dHjGCb6OOQ%2BKmnNcU9spZNqKQrUnyfTYNWiatLMT178%3D&amp;reserved=0"" rel=""noopener noreferrer"" target=""_blank"">https://www.unitedway.org/</a></p>

<p><b>We will be located in the Memorial Room in Willard Straight Hall on Monday, April 29th from 10am-2pm &amp; Wednesday, May 1st from 10am-1pm.</b></p>

<p>To learn more, RSVP here:<a href=""https://nam01.safelinks.protection.outlook.com/?url=https%3A%2F%2Fwww.facebook.com%2Fevents%2F271995250386009%2F&amp;data=02%7C01%7Ctmccarthy%40ithaca.edu%7C548bcfd0dcd5470d1fcd08d6be838a25%7Cfa1ac8f65e5448579f0b4aa422c09689%7C0%7C0%7C636905869502505127&amp;sdata=CpJagashANHepOaaGAZnbw2NHIKz8Pf8EXkUpXuDkwY%3D&amp;reserved=0"" rel=""noopener noreferrer"" target=""_blank""><b>https://www.facebook.com/events/271995250386009/</b></a></p>

<p>&nbsp;</p>

<p>We hope to see you there!</p>

<p>&nbsp;</p>

<p>- Campus Activities</p>
"
,1601785,Traditions Challenge Check-In,https://events.ithaca.edu/event/traditions_challenge_check-in_6709,2019-05-01T11:00:00-04:00,,"Stop by our table on March 1, April 3, and May 1 to pick up your next set of IC Traditions Challenge prizes and to learn more about how to get involved!

Visit students from Ithaca College STAT and find out how many challenges you need to complete to collect your next prize... and if you have enough, you might even walk away with some new stuff!

Haven't taken the challenge yet? Download the app (available both on the App Store and Google Play store) complete the Complete A Check-In challenge and show our representatives and earn a free sticker, then start earning your way to more and more prizes!"
143,1611319,Al-Anon Meeting,https://events.ithaca.edu/event/al-anon_meeting,2019-05-01T12:00:00-04:00,"","<p><span style=""font-size:11pt""><span><span><span>Al-Anon, the twelve-step group for friends and family members of alcoholics and addicts, will begin holding weekly meetings at Ithaca College on Wednesday, March 20, 2019. </span></span></span></span></p>

<p><span style=""font-size:11pt""><span><span><span>Meetings will be held in the Phillips Room of Muller Chapel every Wednesday from 12:00-12:50pm. The group, officially called the South Hill Higher Ground Al-Anon Family Group, is not affiliated with Ithaca College and is open to students, faculty, staff, and members of the Ithaca community beyond the campus who seek support. </span></span></span></span></p>

<p><span style=""font-size:11pt""><span><span><span>The purpose of the meeting is to establish ongoing on-campus support for those who have loved ones contending with addiction. Everything shared by individuals at these meetings will be kept confidential. </span></span></span></span></p>

<p><span style=""font-size:11pt""><span><span><span>Free parking is available in the&nbsp;visitor lot near the entrance to campus from 96-B (Danby Road).</span> </span></span></span></p>
"
143,1638174,Mindfulness Month - Ongoing Opportunities for Meditation,https://events.ithaca.edu/event/mindfulness_month_-_ongoing_opportunities_for_meditation,2019-05-01T12:00:00-04:00,,"Open Guided Meditation in Muller Chapel 
Every Monday, Wednesday and Friday 
12:00 PM - 12:30 PM | Muller Chapel
Cushions provided, no prior experience required.

Open Meditation at Namgyal Monastery, Institute of Buddhist Studies
Every Monday, Wednesday and Friday 
5:15 PM to 6:00 PM | 201 Tibet Drive, Ithaca (1.6 miles from IC)

Contact: Kati Lustyik, klustyik@ithaca.edu or Julia Lapp, jlapp@ithaca.edu for more information"
648,1231498,Mobile Food Pantry,https://events.ithaca.edu/event/mobile_food_pantry,2019-05-01T12:00:00-04:00,"","<p>The Mobile Food Pantry of The Food Bank of the Southern Tier&nbsp;is used to deliver fresh produce, dairy products, and other food and grocery items directly to distribution sites where people need food. These food items are available free of charge and&nbsp;the mobile food pantry is&nbsp;open to any and all members of the IC community (students, staff, faculty).</p>

<p>For faster check-in please complete the following survey: <a href=""https://ithaca.qualtrics.com/jfe/form/SV_8bI40xtJlIHfFv7"">https://ithaca.qualtrics.com/jfe/form/SV_8bI40xtJlIHfFv7</a></p>
"
648,1611958,Mobile Food Pantry,https://events.ithaca.edu/event/mobile_food_pantry_9077,2019-05-01T12:00:00-04:00,"","<p>The mobile food pantry will be on campus.&nbsp; Those in need can come shop from a wide variety of items that will be available.&nbsp; Thank you to the Food Bank of the Southern Tier for partnering with us for these events.</p>

<p>Please bring a reusable shopping bag or box if possible.</p>
"
663,1527384,Open Office Hours for Students: Study Break,https://events.ithaca.edu/event/open_office_hours_for_students_study_break,2019-05-01T16:30:00-04:00,"","<p>Students are invited to drop in and talk to President Collado during her monthly office hours.&nbsp;</p>
"
,1648995,President’s Open House in IC Library,https://events.ithaca.edu/event/presidents_open_house_in_ic_library,2019-05-01T16:30:00-04:00,,"Take a study break and talk to President Collado. Between Research Help & Circulation there will be lemonade, cookies and fruit."
140,1512818,Piano/String/Wind Chamber Ensembles,https://events.ithaca.edu/event/pianostringwind_chamber_ensembles,2019-05-01T19:00:00-04:00,"","Wednesday, 5/1/2019
7:00pm  |  Hockett Family Recital Hall
Piano/String/Wind Chamber Ensembles


Free, open to the public"
660,1276287,Opera Workshop,https://events.ithaca.edu/event/opera_workshop_7717,2019-05-01T20:15:00-04:00,,"Wednesday, 5/1/2019
8:15pm  |  Ford Hall
Opera Workshop
Chris Zemiauskas and Dawn Pierce directors

This concert will be livestreamed at www.ithaca.edu/music/live and will be available on-demand a few days after the concert.

Free, open to the public"
,1538962,Ithaca Softball vs TBA,https://events.ithaca.edu/event/ithaca_softball_vs_tba,2019-05-02T00:00:00-04:00,,"Ithaca Softball vs TBA
 https://athletics.ithaca.edu/calendar.aspx?id=9814"
,1642248,Allied Health Mini-Career Fair,https://events.ithaca.edu/event/allied_health_mini-career_fair,2019-05-02T11:00:00-04:00,,"Join us for the 2019 Ithaca College Allied Health Mini-Career Fair. This event is an opportunity for you to meet representatives from health related organizations for networking, learning about career options, and full-time job or shadowing opportunities. Click here for more information!"
655,1637363,Campus Center Design Study Town Hall,https://events.ithaca.edu/event/campus_center_design_study_town_hall_2620,2019-05-02T12:00:00-04:00,"","<p>This is an opportunity for the Campus Community to gain insight and provide feedback on the Campus Center Design Study.</p>

<p>***Please note the change in date, time and location for this event.***</p>
"
143,1638174,Mindfulness Month - Ongoing Opportunities for Meditation,https://events.ithaca.edu/event/mindfulness_month_-_ongoing_opportunities_for_meditation,2019-05-02T12:00:00-04:00,,"Open Guided Meditation in Muller Chapel 
Every Monday, Wednesday and Friday 
12:00 PM - 12:30 PM | Muller Chapel
Cushions provided, no prior experience required.

Open Meditation at Namgyal Monastery, Institute of Buddhist Studies
Every Monday, Wednesday and Friday 
5:15 PM to 6:00 PM | 201 Tibet Drive, Ithaca (1.6 miles from IC)

Contact: Kati Lustyik, klustyik@ithaca.edu or Julia Lapp, jlapp@ithaca.edu for more information"
,1601786,Workshop 2: All-Star Interviewing,https://events.ithaca.edu/event/workshop_2_all-star_interviewing_4764,2019-05-02T12:10:00-04:00,,"Students learn all aspects of  the interview process, types of interview formats, and how to make the most out of each and every interview experience. Students will learn and begin to apply techniques that will help them to be prepared and confident for every interview they secure, including the development of a personal brand and knowing what employers want. Open to all majors across campus!"
,1648996,Button Making at the IC Library,https://events.ithaca.edu/event/button_making_at_the_ic_library,2019-05-02T13:00:00-04:00,,Make your dream button and take one home! The library will supply images or feel free to bring your own.
,1635944,Upper Quad Bash,https://events.ithaca.edu/event/upper_quad_bash,2019-05-02T15:00:00-04:00,"","<p>Are you ready for the most amazing event of the year!!! As a celebration for the end of the year, HHH and BRT is hosting the&nbsp;Upper&nbsp;Quads&nbsp;Bash&nbsp;for all to enjoy. There will be plenty of food from local businesses (Buffalo Wild Wings, Dominoes, and many more...) as well as inflatables, cotton candy, popcorn, henna, and much much more. Once the sun goes down, we will additionally have activities such as a fire with smores and glow in the dark Ultimate Frisbee! Bring your friends! the more the merrier.</p>
"
655,1637363,Campus Center Design Study Town Hall,https://events.ithaca.edu/event/campus_center_design_study_town_hall_2620,2019-05-02T17:30:00-04:00,"","<p>This is an opportunity for the Campus Community to gain insight and provide feedback on the Campus Center Design Study.</p>

<p>***Please note the change in date, time and location for this event.***</p>
"
140,1276286,Piano/String/Wind Chamber Ensembles,https://events.ithaca.edu/event/pianostringwind_chamber_ensembles_6359,2019-05-02T19:00:00-04:00,,"Thursday, 5/2/2019
7:00pm  |  Hockett Family Recital Hall
Piano/String/Wind Chamber Ensembles


Free, open to the public"
660,1276309,Jazz Ensemble,https://events.ithaca.edu/event/jazz_ensemble_9061,2019-05-02T20:15:00-04:00,,"Thursday, 5/2/2019
8:15pm  |  Ford Hall
Jazz Ensemble
Mike Titlebaum, director
With Vincent Gardner, guest trombone soloist
Featuring the winning composition in the David P. (’60) and Susan Wohlhueter Composition Contest:  The Kingdom of Aksum by Bobby Spellman.  

This concert will be livestreamed at www.ithaca.edu/music/live and will be available on-demand a few days after the concert.

Free, open to the public"
,1538962,Ithaca Softball vs TBA,https://events.ithaca.edu/event/ithaca_softball_vs_tba,2019-05-03T00:00:00-04:00,,"Ithaca Softball vs TBA
 https://athletics.ithaca.edu/calendar.aspx?id=9814"
,1340754,Ithaca Golf vs Liberty League Championships (Opening Round),https://events.ithaca.edu/event/ithaca_golf_vs_liberty_league_championships_opening_round,2019-05-03T08:00:00-04:00,,"Ithaca Golf vs Liberty League Championships (Opening Round)
 https://athletics.ithaca.edu/calendar.aspx?id=9329"
658,1634439,Infinity Presentation ,https://events.ithaca.edu/event/infinity_presentation_7302,2019-05-03T09:00:00-04:00,"","<p><span style=""font-size:10.5pt"">Please join William Guerrero, Vice President of Finance and Administration on Friday, May 3, 2019 from 9:00am &ndash; 10:00am in Emerson A, Campus Center. The meeting will include current year financials, next year budget updates, and division updates.</span></p>
"
,1648599,Llama-O-Rama Study Break,https://events.ithaca.edu/event/llama-o-rama_study_break,2019-05-03T11:30:00-04:00,"","<p>The IC Library and LGBT Center are brining Late-For-Breakfast, the therapy llama, back to campus to de-stress from finals! There will also be therapy dogs, games, and popcorn! Take a break and join us for some fun outside of Campus Center.&nbsp;</p>
"
,1648997,"Therapy Llama, Dogs, and Games",https://events.ithaca.edu/event/therapy_llama_dogs_and_games,2019-05-03T11:30:00-04:00,,"In front of the Campus Center from 11:30-1:30 pm come de-stress with a therapy llama, dogs, and games.  Snacks will be available.

This event was coordinated by members of the Ithaca College Library and the LGBT Center. 

The llama and dogs (& their people) are volunteers from Cornell Companions of Cornell University's College of Veterinary Medicine.  Please thank them when you smile!"
,1426936,Ithaca Men's Track & Field at Liberty League Championship @ RPI,https://events.ithaca.edu/event/ithaca_mens_track_field_at_liberty_league_championship_rpi,2019-05-03T12:00:00-04:00,,"Ithaca Men's Track & Field at Liberty League Championship @ RPI
 https://athletics.ithaca.edu/calendar.aspx?id=9593"
,1460753,Ithaca Women's Track & Field at Liberty League Championship @ RPI,https://events.ithaca.edu/event/ithaca_womens_track_field_at_liberty_league_championship_rpi,2019-05-03T12:00:00-04:00,,"Ithaca Women's Track & Field at Liberty League Championship @ RPI
 https://athletics.ithaca.edu/calendar.aspx?id=9716"
143,1638174,Mindfulness Month - Ongoing Opportunities for Meditation,https://events.ithaca.edu/event/mindfulness_month_-_ongoing_opportunities_for_meditation,2019-05-03T12:00:00-04:00,,"Open Guided Meditation in Muller Chapel 
Every Monday, Wednesday and Friday 
12:00 PM - 12:30 PM | Muller Chapel
Cushions provided, no prior experience required.

Open Meditation at Namgyal Monastery, Institute of Buddhist Studies
Every Monday, Wednesday and Friday 
5:15 PM to 6:00 PM | 201 Tibet Drive, Ithaca (1.6 miles from IC)

Contact: Kati Lustyik, klustyik@ithaca.edu or Julia Lapp, jlapp@ithaca.edu for more information"
,1637104,IC Kicks Back,https://events.ithaca.edu/event/ic_kicks_back_9255,2019-05-03T14:00:00-04:00,,"IC Kicks Back is the free, fun end of the year opportunity for students, faculty and staff to KICK BACK and celebrate the end of the semester! Friday, May 3rd from 2 pm - 6 pm on the Campus Center Quad.

What you need to know:

YOU MUST BRING YOUR ITHACA COLLEGE ID TO GET IN- NO EXCEPTIONS- NO ID, NO ENTRANCE-

NO BAGS, NO WATER BOTTLES, NO CONTAINERS

This event is only open to the IC Community.

Individuals with disabilities requiring accommodations should contact Mary Holland-Bavis at meholland@ithaca.edu or (607) 274-3222. We ask that requests for accommodations be made as soon as possible."
,1349362,Ithaca Men's Crew vs Liberty League Championships,https://events.ithaca.edu/event/ithaca_mens_crew_vs_liberty_league_championships_9039,2019-05-03T15:00:00-04:00,,"Ithaca Men's Crew vs Liberty League Championships
 https://athletics.ithaca.edu/calendar.aspx?id=9402"
,1349363,Ithaca Women's Crew vs Liberty League Championships,https://events.ithaca.edu/event/ithaca_womens_crew_vs_liberty_league_championships_7089,2019-05-03T15:00:00-04:00,,"Ithaca Women's Crew vs Liberty League Championships
 https://athletics.ithaca.edu/calendar.aspx?id=9381"
652,1612743,Senior Hour at Career Services,https://events.ithaca.edu/event/senior_hour_at_career_services_4723,2019-05-03T15:00:00-04:00,,"Applying for jobs is hard, don't do it alone!

The Career Services office will open our space for seniors to come in and work on resumes, cover letters, figure out what jobs to apply for, fill out applications, vent, and anything in between!
*Please note that this time is not intended for 1:1 drop-in assistance. 


The office will provide food, staff members to answer questions, and moral support. Bring your friends!"
,1601787,Weekly Meetings,https://events.ithaca.edu/event/weekly_meetings_7471,2019-05-03T16:30:00-04:00,,"Join us for weekly meetings every Friday, 4:30-5:30, in the Phillips Room in Muller Chapel!  Our topics range week to week, we love doing crafts, chatting about crystals, herbs, trees, world mythologies, and the universe.  Do you believe in a god or goddess? Or multiple?  We all believe in something a little different, and we'd love to chat about it with you!"
140,1634743,Guitar Ensemble,https://events.ithaca.edu/event/guitar_ensemble_9968,2019-05-03T19:00:00-04:00,,"Friday, 5/3/2019
7:00pm  |  Hockett Family Recital Hall
Guitar Ensemble
Students of Pablo Cohen

Free, open to the public"
149,1601788,SAB Presents Mary Poppins Returns,https://events.ithaca.edu/event/sab_presents_mary_poppins_returns,2019-05-03T20:00:00-04:00,,SAB presents a screening of Mary Poppins Returns.
660,1276275,Concert Band and Wind Symphony,https://events.ithaca.edu/event/wind_symphony_and_concert_band,2019-05-03T20:15:00-04:00,,"Friday, 5/3/2019
8:15pm  |  Ford Hall
Concert Band and Wind Symphony
Benjamin Rochford, conductor
The Concert Band’s program includes Ticheli’s Fortress, Woolfenden’s Illyrian Dances, and music by Bryant, Mackey, and Sousa.  The Wind Symphony will present Donald Grantham’s Tuba Concerto with faculty soloist David Earll.

This concert will be livestreamed at www.ithaca.edu/music/live and will be available on-demand a few days after the concert.

Free, open to the public"
,1490268,Ithaca Baseball vs Empire 8 Rain Date,https://events.ithaca.edu/event/ithaca_baseball_vs_empire_8_rain_make-up,2019-05-04T00:00:00-04:00,,"Ithaca Baseball vs Empire 8 Rain Date
 https://athletics.ithaca.edu/calendar.aspx?id=9762"
,1428580,Ithaca Men's Lacrosse vs Liberty League Finals,https://events.ithaca.edu/event/ithaca_mens_lacrosse_vs_liberty_league_finals_6275,2019-05-04T00:00:00-04:00,,"Ithaca Men's Lacrosse vs Liberty League Finals
 https://athletics.ithaca.edu/calendar.aspx?id=9615"
,1428581,Ithaca Women's Lacrosse vs Liberty League Semi Finals,https://events.ithaca.edu/event/ithaca_womens_lacrosse_vs_liberty_league_semi_finals,2019-05-04T00:00:00-04:00,,"Ithaca Women's Lacrosse vs Liberty League Semi Finals
 https://athletics.ithaca.edu/calendar.aspx?id=9634"
,1340755,Ithaca Golf vs Liberty League Championships (Final Round),https://events.ithaca.edu/event/ithaca_golf_vs_liberty_league_championships_final_round,2019-05-04T08:00:00-04:00,,"Ithaca Golf vs Liberty League Championships (Final Round)
 https://athletics.ithaca.edu/calendar.aspx?id=9330"
,1349365,Ithaca Men's Crew vs New York State Championships,https://events.ithaca.edu/event/ithaca_mens_crew_vs_new_york_state_championships,2019-05-04T08:00:00-04:00,,"Ithaca Men's Crew vs New York State Championships
 https://athletics.ithaca.edu/calendar.aspx?id=9403"
,1349364,Ithaca Women's Crew vs New York State Championships,https://events.ithaca.edu/event/ithaca_womens_crew_vs_new_york_state_championships,2019-05-04T08:00:00-04:00,,"Ithaca Women's Crew vs New York State Championships
 https://athletics.ithaca.edu/calendar.aspx?id=9382"
,1457579,Ithaca Men's Track & Field at Liberty League Championship @ RPI,https://events.ithaca.edu/event/ithaca_mens_track_field_at_liberty_league_championship_rpi_2979,2019-05-04T10:00:00-04:00,,"Ithaca Men's Track & Field at Liberty League Championship @ RPI
 https://athletics.ithaca.edu/calendar.aspx?id=9703"
,1460754,Ithaca Women's Track & Field at Liberty League Championship @ RPI,https://events.ithaca.edu/event/ithaca_womens_track_field_at_liberty_league_championship_rpi_2708,2019-05-04T10:00:00-04:00,,"Ithaca Women's Track & Field at Liberty League Championship @ RPI
 https://athletics.ithaca.edu/calendar.aspx?id=9717"
143,1638174,Mindfulness Month - Ongoing Opportunities for Meditation,https://events.ithaca.edu/event/mindfulness_month_-_ongoing_opportunities_for_meditation,2019-05-04T12:00:00-04:00,,"Open Guided Meditation in Muller Chapel 
Every Monday, Wednesday and Friday 
12:00 PM - 12:30 PM | Muller Chapel
Cushions provided, no prior experience required.

Open Meditation at Namgyal Monastery, Institute of Buddhist Studies
Every Monday, Wednesday and Friday 
5:15 PM to 6:00 PM | 201 Tibet Drive, Ithaca (1.6 miles from IC)

Contact: Kati Lustyik, klustyik@ithaca.edu or Julia Lapp, jlapp@ithaca.edu for more information"
660,1276268,Campus Jazz Ensemble,https://events.ithaca.edu/event/campus_jazz_ensemble_1819,2019-05-04T13:00:00-04:00,,"Saturday, 5/4/2019
1:00pm  |  Ford Hall
Campus Jazz Ensemble
Bill Tiberio, director

This concert will be livestreamed at www.ithaca.edu/music/live and will be available on-demand a few days after the concert.

Free, open to the public"
662,1646425,Ithaca Baseball vs Utica College,https://events.ithaca.edu/event/ithaca_baseball_vs_utica_college_9598,2019-05-04T13:00:00-04:00,,"Ithaca Baseball vs Utica College
Streaming Video: https://portal.stretchinternet.com/ithaca/
 https://athletics.ithaca.edu/calendar.aspx?id=9644"
660,1276279,Brass Choir and Trombone Troupe,https://events.ithaca.edu/event/brass_choir_and_trombone_troupe_6802,2019-05-04T16:00:00-04:00,,"Saturday, 5/4/2019
4:00pm  |  Ford Hall
Brass Choir and Trombone Troupe
Keith Kaiser and Aaron Burgess, conductors

This concert will be livestreamed at www.ithaca.edu/music/live and will be available on-demand a few days after the concert.

Free, open to the public"
149,1601789,SAB Presents Mary Poppins Returns,https://events.ithaca.edu/event/sab_presents_mary_poppins_returns_600,2019-05-04T17:00:00-04:00,,SAB presents a screening of Mary Poppins Returns.
149,1601790,SAB Presents Ralph Breaks the Internet,https://events.ithaca.edu/event/sab_presents_ralph_breaks_the_internet,2019-05-04T20:00:00-04:00,,SAB presents a screening of Ralph Breaks the Internet.
660,1276267,CANCELED: African Drumming and Dance,https://events.ithaca.edu/event/african_druming_and_dance,2019-05-04T20:15:00-04:00,,"Saturday, 5/4/2019
8:15pm  |  Ford Hall
CANCELED: African Drumming and Dance
Baruch Whitehead, director

This concert will be livestreamed at www.ithaca.edu/music/live and will be available on-demand a few days after the concert.

Free, open to the public"
,1490268,Ithaca Baseball vs Empire 8 Rain Date,https://events.ithaca.edu/event/ithaca_baseball_vs_empire_8_rain_make-up,2019-05-05T00:00:00-04:00,,"Ithaca Baseball vs Empire 8 Rain Date
 https://athletics.ithaca.edu/calendar.aspx?id=9762"
,1428582,Ithaca Women's Lacrosse vs Liberty League Finals,https://events.ithaca.edu/event/ithaca_womens_lacrosse_vs_liberty_league_finals,2019-05-05T00:00:00-04:00,,"Ithaca Women's Lacrosse vs Liberty League Finals
 https://athletics.ithaca.edu/calendar.aspx?id=9635"
143,1638174,Mindfulness Month - Ongoing Opportunities for Meditation,https://events.ithaca.edu/event/mindfulness_month_-_ongoing_opportunities_for_meditation,2019-05-05T12:00:00-04:00,,"Open Guided Meditation in Muller Chapel 
Every Monday, Wednesday and Friday 
12:00 PM - 12:30 PM | Muller Chapel
Cushions provided, no prior experience required.

Open Meditation at Namgyal Monastery, Institute of Buddhist Studies
Every Monday, Wednesday and Friday 
5:15 PM to 6:00 PM | 201 Tibet Drive, Ithaca (1.6 miles from IC)

Contact: Kati Lustyik, klustyik@ithaca.edu or Julia Lapp, jlapp@ithaca.edu for more information"
662,1488717,Ithaca Baseball vs Wells College,https://events.ithaca.edu/event/ithaca_baseball_vs_wells_college,2019-05-05T13:00:00-04:00,,"Ithaca Baseball vs Wells College
Streaming Video: https://portal.stretchinternet.com/ithaca/
 https://athletics.ithaca.edu/calendar.aspx?id=9663"
660,1276291,Symphony Orchestra,https://events.ithaca.edu/event/symphony_orchestra_7384,2019-05-05T16:00:00-04:00,,"Sunday, 5/5/2019
4:00pm  |  Ford Hall
Symphony Orchestra
Octavio Mas-Arocas, conductor
With the Choir, Janet Galvan, director
Ludwig van Beethoven:  Egmont Overture
Leonard Bernstein:  Chichester Psalms
Sergei Prokofiev:  Symphony No. 5

This concert will be livestreamed at www.ithaca.edu/music/live and will be available on-demand a few days after the concert.

Free, open to the public"
146,1645889,Lap of Luxury: Senior Thesis Film Screening,https://events.ithaca.edu/event/lap_of_luxury_senior_thesis_film_screening,2019-05-05T19:00:00-04:00,"","<p>Join seniors in the Roy H. Park School of Communications for their end of the year senior film thesis screening.&nbsp;</p>

<p>Refreshments will be provided. Free and open to the public.&nbsp;</p>
"
149,1601791,SAB Presents Ralph Breaks the Internet,https://events.ithaca.edu/event/sab_presents_ralph_breaks_the_internet_2961,2019-05-05T20:00:00-04:00,,SAB presents a screening of Ralph Breaks the Internet.
660,1571184,Campus Band,https://events.ithaca.edu/event/campus_band_2052,2019-05-05T20:15:00-04:00,,"Sunday, 5/5/2019
8:15pm  |  Ford Hall
Campus Band
Alyssa Comeau, conductor

The Campus Band will play music of Markowski and Vaughan Williams, plus Ashokan Farewell, Variations on a Korean Folksong, and music from The Incredibles. 

This concert will be webcast live and available on-demand a few days after the concert at www.ithaca.edu/music/live

Free, open to the public"
143,1638174,Mindfulness Month - Ongoing Opportunities for Meditation,https://events.ithaca.edu/event/mindfulness_month_-_ongoing_opportunities_for_meditation,2019-05-06T12:00:00-04:00,,"Open Guided Meditation in Muller Chapel 
Every Monday, Wednesday and Friday 
12:00 PM - 12:30 PM | Muller Chapel
Cushions provided, no prior experience required.

Open Meditation at Namgyal Monastery, Institute of Buddhist Studies
Every Monday, Wednesday and Friday 
5:15 PM to 6:00 PM | 201 Tibet Drive, Ithaca (1.6 miles from IC)

Contact: Kati Lustyik, klustyik@ithaca.edu or Julia Lapp, jlapp@ithaca.edu for more information"
143,1638174,Mindfulness Month - Ongoing Opportunities for Meditation,https://events.ithaca.edu/event/mindfulness_month_-_ongoing_opportunities_for_meditation,2019-05-07T12:00:00-04:00,,"Open Guided Meditation in Muller Chapel 
Every Monday, Wednesday and Friday 
12:00 PM - 12:30 PM | Muller Chapel
Cushions provided, no prior experience required.

Open Meditation at Namgyal Monastery, Institute of Buddhist Studies
Every Monday, Wednesday and Friday 
5:15 PM to 6:00 PM | 201 Tibet Drive, Ithaca (1.6 miles from IC)

Contact: Kati Lustyik, klustyik@ithaca.edu or Julia Lapp, jlapp@ithaca.edu for more information"
143,1611319,Al-Anon Meeting,https://events.ithaca.edu/event/al-anon_meeting,2019-05-08T12:00:00-04:00,"","<p><span style=""font-size:11pt""><span><span><span>Al-Anon, the twelve-step group for friends and family members of alcoholics and addicts, will begin holding weekly meetings at Ithaca College on Wednesday, March 20, 2019. </span></span></span></span></p>

<p><span style=""font-size:11pt""><span><span><span>Meetings will be held in the Phillips Room of Muller Chapel every Wednesday from 12:00-12:50pm. The group, officially called the South Hill Higher Ground Al-Anon Family Group, is not affiliated with Ithaca College and is open to students, faculty, staff, and members of the Ithaca community beyond the campus who seek support. </span></span></span></span></p>

<p><span style=""font-size:11pt""><span><span><span>The purpose of the meeting is to establish ongoing on-campus support for those who have loved ones contending with addiction. Everything shared by individuals at these meetings will be kept confidential. </span></span></span></span></p>

<p><span style=""font-size:11pt""><span><span><span>Free parking is available in the&nbsp;visitor lot near the entrance to campus from 96-B (Danby Road).</span> </span></span></span></p>
"
143,1638174,Mindfulness Month - Ongoing Opportunities for Meditation,https://events.ithaca.edu/event/mindfulness_month_-_ongoing_opportunities_for_meditation,2019-05-08T12:00:00-04:00,,"Open Guided Meditation in Muller Chapel 
Every Monday, Wednesday and Friday 
12:00 PM - 12:30 PM | Muller Chapel
Cushions provided, no prior experience required.

Open Meditation at Namgyal Monastery, Institute of Buddhist Studies
Every Monday, Wednesday and Friday 
5:15 PM to 6:00 PM | 201 Tibet Drive, Ithaca (1.6 miles from IC)

Contact: Kati Lustyik, klustyik@ithaca.edu or Julia Lapp, jlapp@ithaca.edu for more information"
662,1490269,Ithaca Baseball vs Empire 8 Tournament,https://events.ithaca.edu/event/ithaca_baseball_vs_empire_8_tournament_8564,2019-05-09T00:00:00-04:00,,"Ithaca Baseball vs Empire 8 Tournament
 https://athletics.ithaca.edu/calendar.aspx?id=9763"
143,1638174,Mindfulness Month - Ongoing Opportunities for Meditation,https://events.ithaca.edu/event/mindfulness_month_-_ongoing_opportunities_for_meditation,2019-05-09T12:00:00-04:00,,"Open Guided Meditation in Muller Chapel 
Every Monday, Wednesday and Friday 
12:00 PM - 12:30 PM | Muller Chapel
Cushions provided, no prior experience required.

Open Meditation at Namgyal Monastery, Institute of Buddhist Studies
Every Monday, Wednesday and Friday 
5:15 PM to 6:00 PM | 201 Tibet Drive, Ithaca (1.6 miles from IC)

Contact: Kati Lustyik, klustyik@ithaca.edu or Julia Lapp, jlapp@ithaca.edu for more information"
,1426937,Ithaca Men's Track & Field at Geneseo Last Chance,https://events.ithaca.edu/event/ithaca_mens_track_field_at_suny_geneseo_last_chance_9180,2019-05-09T14:00:00-04:00,,"Ithaca Men's Track & Field at Geneseo Last Chance
 https://athletics.ithaca.edu/calendar.aspx?id=9594"
,1460755,Ithaca Women's Track & Field at Geneseo Last Chance,https://events.ithaca.edu/event/ithaca_womens_track_field_at_geneseo_last_chance,2019-05-09T14:00:00-04:00,,"Ithaca Women's Track & Field at Geneseo Last Chance
 https://athletics.ithaca.edu/calendar.aspx?id=9718"
662,1501147,Ithaca Baseball vs Empire 8 Tournament,https://events.ithaca.edu/event/ithaca_baseball_vs_empire_8,2019-05-10T00:00:00-04:00,,"Ithaca Baseball vs Empire 8 Tournament
 https://athletics.ithaca.edu/calendar.aspx?id=9768"
,1460756,Ithaca Women's Track & Field at Allegheny Last Chance,https://events.ithaca.edu/event/ithaca_womens_track_field_at_allegheny_last_chance,2019-05-10T10:00:00-04:00,,"Ithaca Women's Track & Field at Allegheny Last Chance
 https://athletics.ithaca.edu/calendar.aspx?id=9719"
143,1638174,Mindfulness Month - Ongoing Opportunities for Meditation,https://events.ithaca.edu/event/mindfulness_month_-_ongoing_opportunities_for_meditation,2019-05-10T12:00:00-04:00,,"Open Guided Meditation in Muller Chapel 
Every Monday, Wednesday and Friday 
12:00 PM - 12:30 PM | Muller Chapel
Cushions provided, no prior experience required.

Open Meditation at Namgyal Monastery, Institute of Buddhist Studies
Every Monday, Wednesday and Friday 
5:15 PM to 6:00 PM | 201 Tibet Drive, Ithaca (1.6 miles from IC)

Contact: Kati Lustyik, klustyik@ithaca.edu or Julia Lapp, jlapp@ithaca.edu for more information"
662,1501148,Ithaca Baseball vs Empire 8 Tournament,https://events.ithaca.edu/event/ithaca_baseball_vs_empire_8_958,2019-05-11T00:00:00-04:00,,"Ithaca Baseball vs Empire 8 Tournament
 https://athletics.ithaca.edu/calendar.aspx?id=9769"
,1349367,Ithaca Men's Crew vs National Invitational Rowing Championships,https://events.ithaca.edu/event/ithaca_mens_crew_vs_national_invitational_rowing_championships,2019-05-12T08:00:00-04:00,,"Ithaca Men's Crew vs National Invitational Rowing Championships
 https://athletics.ithaca.edu/calendar.aspx?id=9404"
,1349366,Ithaca Women's Crew vs National Invitational Rowing Championships,https://events.ithaca.edu/event/ithaca_womens_crew_vs_national_invitational_rowing_championships,2019-05-12T08:00:00-04:00,,"Ithaca Women's Crew vs National Invitational Rowing Championships
 https://athletics.ithaca.edu/calendar.aspx?id=9383"
,1460757,Ithaca Women's Track & Field at Swarthmore Final Qualifier,https://events.ithaca.edu/event/ithaca_womens_track_field_at_swarthmore_final_qualifier_5395,2019-05-13T10:00:00-04:00,,"Ithaca Women's Track & Field at Swarthmore Final Qualifier
 https://athletics.ithaca.edu/calendar.aspx?id=9720"
,1426938,Ithaca Men's Track & Field at Swarthmore Last Chance,https://events.ithaca.edu/event/ithaca_mens_track_field_at_swarthmore_last_chance,2019-05-13T14:30:00-04:00,,"Ithaca Men's Track & Field at Swarthmore Last Chance
 https://athletics.ithaca.edu/calendar.aspx?id=9595"
147,1639222,Retirement celebration in honor of Nancy Pringle's years of service to Ithaca College,https://events.ithaca.edu/event/retirement_celebration_in_honor_of_nancy_pringles_years_of_service_to_ithaca_college,2019-05-13T16:00:00-04:00,"","<p><span style=""font-size:11pt""><span><span>Nancy Pringle has been a dedicated member of the IC family for 25 years. Her blood runs blue and white, her heart sings Ithaca Forever. </span></span></span></p>

<p><span style=""font-size:11pt""><span><span>We are so excited to invite you to celebrate Nancy&rsquo;s years of service to Ithaca College. Throughout her 25 years, she has served as Vice President and General Counsel / Secretary to the Board, Senior Vice President of the Division of Human and Legal Resources, and in her current role as Executive Vice President and Senior Advisor to the President. </span></span></span></p>

<p><span style=""font-size:11pt""><span><span>Please join your colleagues on May 13 from 4:00 &ndash; 6:00 p.m. in the Peggy Ryan Williams Lobby for a retirement party to be remembered. </span></span></span></p>

<p><span style=""font-size:11pt""><span><span>There will be refreshments, live music from a few of our very talented student musicians, as well as an opportunity for those interested to share fun stories and great memories about Nancy. </span></span></span></p>

<p><span style=""font-size:11pt""><span><span>We are also asking for you to share any photos you may have with us so that we can put them up for digital display during the celebration. Please send photos to Kaleigh Keating at <a href=""mailto:kkeating@ithaca.edu"" style=""text-decoration:underline"">kkeating@ithaca.edu</a> by May 1. </span></span></span></p>
"
143,1611319,Al-Anon Meeting,https://events.ithaca.edu/event/al-anon_meeting,2019-05-15T12:00:00-04:00,"","<p><span style=""font-size:11pt""><span><span><span>Al-Anon, the twelve-step group for friends and family members of alcoholics and addicts, will begin holding weekly meetings at Ithaca College on Wednesday, March 20, 2019. </span></span></span></span></p>

<p><span style=""font-size:11pt""><span><span><span>Meetings will be held in the Phillips Room of Muller Chapel every Wednesday from 12:00-12:50pm. The group, officially called the South Hill Higher Ground Al-Anon Family Group, is not affiliated with Ithaca College and is open to students, faculty, staff, and members of the Ithaca community beyond the campus who seek support. </span></span></span></span></p>

<p><span style=""font-size:11pt""><span><span><span>The purpose of the meeting is to establish ongoing on-campus support for those who have loved ones contending with addiction. Everything shared by individuals at these meetings will be kept confidential. </span></span></span></span></p>

<p><span style=""font-size:11pt""><span><span><span>Free parking is available in the&nbsp;visitor lot near the entrance to campus from 96-B (Danby Road).</span> </span></span></span></p>
"
,1460758,Ithaca Women's Track & Field at All-Atlantic Region Track and Field Conference,https://events.ithaca.edu/event/ithaca_womens_track_field_at_all-atlantic_region_track_and_field_conference,2019-05-15T12:00:00-04:00,,"Ithaca Women's Track & Field at All-Atlantic Region Track and Field Conference 
 https://athletics.ithaca.edu/calendar.aspx?id=9721"
,1426939,Ithaca Men's Track & Field at AARTFC Championship @ SUNY Cortland,https://events.ithaca.edu/event/ithaca_mens_track_field_at_aartfc_championship_suny_cortland,2019-05-15T14:00:00-04:00,,"Ithaca Men's Track & Field at AARTFC Championship @ SUNY Cortland                    
 https://athletics.ithaca.edu/calendar.aspx?id=9596"
,1457580,Ithaca Men's Track & Field at AARTFC Championship @ SUNY Cortland,https://events.ithaca.edu/event/ithaca_mens_track_field_at_aartfc_championship_suny_cortland_7489,2019-05-16T10:00:00-04:00,,"Ithaca Men's Track & Field at AARTFC Championship @ SUNY Cortland                    
 https://athletics.ithaca.edu/calendar.aspx?id=9704"
,1460759,Ithaca Women's Track & Field at All-Atlantic Region Track and Field Conference,https://events.ithaca.edu/event/ithaca_womens_track_field_at_all-atlantic_region_track_and_field_conference_6990,2019-05-16T10:00:00-04:00,,"Ithaca Women's Track & Field at All-Atlantic Region Track and Field Conference 
 https://athletics.ithaca.edu/calendar.aspx?id=9722"
664,1479586,Commencement Eve Preview Concert,https://events.ithaca.edu/event/commencement_eve_preview_concert_26,2019-05-17T20:30:00-04:00,,"Friday, 5/17/2019
8:30pm  |  Glazer Arena, Athletics and Events Center
Commencement Eve Preview Concert


Free, open to the public"
,1428583,Ithaca Women's Lacrosse vs NCAA Regionals,https://events.ithaca.edu/event/ithaca_womens_lacrosse_vs_ncaa_regionals,2019-05-18T00:00:00-04:00,,"Ithaca Women's Lacrosse vs NCAA Regionals
 https://athletics.ithaca.edu/calendar.aspx?id=9636"
658,1647424,Ithaca Firsts Senior Celebration,https://events.ithaca.edu/event/ithaca_firsts_senior_celebration,2019-05-18T11:30:00-04:00,,"With great excitement and pride, we honor first-generation students of Ithaca College’s Class of 2019. First-gen seniors and two guests are cordially invited to the Ithaca Firsts Senior Celebration on Saturday, May 18th 11:30am-1:30pm in Emerson Suites. Join us to celebrate your graduation, reflect on your years at IC, enjoy food & refreshments, receive a pin as part of an inaugural tradition, “pass notes” to the next class of incoming first-generation students, and takes lots of pictures.

 

First-gen seniors, please RSVP here:https://ithaca.qualtrics.com/jfe/form/SV_1zUPh0MacjaUuZ7"
664,1522869,Graduate Hooding Ceremony,https://events.ithaca.edu/event/graduate_hooding_ceremony_3133,2019-05-18T14:30:00-04:00,"","<p><span style=""font-size:13px; font-style:normal; text-align:left; text-decoration:none"">The College will recognize the special accomplishments of all graduating master&#39;s and doctoral candidates through a graduate hooding ceremony. Following a centuries-old tradition, master&#39;s and doctoral candidates will be formally hooded by their respective faculty. A reception will follow the program. All family and friends of graduate students are cordially invited to attend the ceremony and reception.</span></p>
"
664,1479614,Commencement Eve Concert,https://events.ithaca.edu/event/commencement_eve_concert_6978,2019-05-18T20:30:00-04:00,,"Saturday, 5/18/2019
8:30pm  |  Glazer Arena, Athletics and Events Center
Commencement Eve Concert


Free, open to the public"
,1428584,Ithaca Women's Lacrosse vs NCAA Regionals,https://events.ithaca.edu/event/ithaca_womens_lacrosse_vs_ncaa_regionals_6018,2019-05-19T00:00:00-04:00,,"Ithaca Women's Lacrosse vs NCAA Regionals
 https://athletics.ithaca.edu/calendar.aspx?id=9637"
651,1642773,Synchronizing Student Engagement within the First-Year Experience,https://events.ithaca.edu/event/synchronizing_student_engagement_within_the_first-year_experience,2019-05-21T08:30:00-04:00,"","<p><a href=""https://www.google.com/url?q=https%3A%2F%2Fnam01.safelinks.protection.outlook.com%2F%3Furl%3Dhttps%253A%252F%252Fdocs.google.com%252Fforms%252Fd%252F1vsvyDh3nQT5elSQ-isGXz1CJAviY2suKDztCDaeemHA%252Fedit%2523responses%26data%3D02%257C01%257Ccfe%2540ithaca.edu%257C0d86f862057640aceb9d08d6c34b2378%257Cfa1ac8f65e5448579f0b4aa422c09689%257C0%257C0%257C636911124811802406%26sdata%3DhPhZU3SoNSkBzopaNf9So99O9F%252BkccnrtGaXn3DzrQU%253D%26reserved%3D0&amp;sa=D&amp;usd=2&amp;usg=AFQjCNEUN0a_ReURhFJVCyLxOv2mwLOmGw"" target=""_blank""><b>Register here</b></a><br />
<br />
Please join the campus-wide collaborative discussion designed for staff and faculty as stakeholders in our students&rsquo; first year experience. Our guest facilitators, Dr. Jimmy Howard, University of Oregon and Gena Merliss, Monroe Community College, combine their expertise to lead an interactive work day to conceptualize shared purposes, best practices, our connected roles, and needed action steps to support an engaged first year experience. Breakfast and lunch will be served.&nbsp;<br />
<br />
<i>Co-Sponsors: Office of the Provost, Ithaca Seminar (ICSM), Honors Program, Exploratory Program, Integrative Core Curriculum (ICC), New Student &amp; Transition Programs, Student Learning Outcomes Assessment Committee, Center for Civic Engagement, and the Center for Faculty Excellence&nbsp;</i><br />
<br />
About our guest facilitators:</p>

<p><br />
<b>Jimmy Howard</b> currently serves as the Assistant Dean of Student for Prevention and Response at the University of Oregon. In this position he leads multiple teams in the areas of sexual violence prevention, substance abuse prevention, sexual violence support services, and crisis response. Jimmy oversees the University of Oregon&rsquo;s Student Care Team and serves as the Deputy Title IX coordinator for undergraduate students.&nbsp;<br />
Jimmy earned his Ph.D. in Educational Leadership from Clemson University. His dissertation &ldquo;Building a Model of Black Women&rsquo;s Confidence in Campus Sexual Assault Resources: A Critical Race Feminist Quantitative Study&rdquo; is a quantitative exploration of Black women&rsquo;s confidence in sexual violence policies on college campuses. His scholarship and publications focus on critical issues of race and gender in higher education, equity in assessment practices, and racializing sexual violence policy and protocol. Jimmy has teaching experience at the college level and is currently an affiliate faculty within the School of Language, Culture and Society at Oregon State University. Jimmy has taught master&rsquo;s level student affairs courses in research, student development, and law.&nbsp;<br />
<br />
Jimmy also earned his M.Ed. in Counselor Education from Clemson University where he focused his academic work on student development. Jimmy earned his B.A. from the University of Maryland, Baltimore County, where he majored in Psychology.<br />
<br />
<br />
<b>Gena Merliss</b> is Coordinator of Monroe Community College&rsquo;s Teaching and Creativity Center in Rochester, NY. Gena works with faculty to develop critical reflection in order to improve instruction and student learning. Prior to her current role, Gena taught developmental math and integrated reading and writing to students who did not place into college level coursework. As a faculty member, Gena experimented with many different strategies to help students develop non-cognitive skills and self-awareness within content areas courses. Gena earned a Master&rsquo;s degree in Education from the University of Pennsylvania. She also holds a Bachelor&rsquo;s in Biological Anthropology from Swarthmore College.</p>
"
,1426940,Ithaca Men's Track & Field at NCAA Championship @ SPIRE Institute,https://events.ithaca.edu/event/ithaca_mens_track_field_at_ncaa_championships_spire_institute,2019-05-23T00:00:00-04:00,,"Ithaca Men's Track & Field at NCAA Championship @ SPIRE Institute 
 https://athletics.ithaca.edu/calendar.aspx?id=9597"
,1517365,Annual Employee Appreciation Picnic,https://events.ithaca.edu/event/annual_employee_appreciation_picnic,2019-05-23T12:00:00-04:00,"","<p>Thank you to all faculty and staff for another great semester!</p>
"
,1457581,Ithaca Men's Track & Field at NCAA Championship @ SPIRE Institute,https://events.ithaca.edu/event/ithaca_mens_track_field_at_ncaa_championship_spire_institute,2019-05-24T00:00:00-04:00,,"Ithaca Men's Track & Field at NCAA Championship @ SPIRE Institute 
 https://athletics.ithaca.edu/calendar.aspx?id=9705"
,1460760,Ithaca Women's Track & Field at NCAA Championship @ SPIRE Institute,https://events.ithaca.edu/event/ithaca_womens_track_field_at_ncaa_championship_spire_institute,2019-05-24T00:00:00-04:00,,"Ithaca Women's Track & Field at NCAA Championship @ SPIRE Institute 
 https://athletics.ithaca.edu/calendar.aspx?id=9723"
,1457582,Ithaca Men's Track & Field at NCAA Championship @ SPIRE Institute,https://events.ithaca.edu/event/ithaca_mens_track_field_at_ncaa_championship_spire_institute_4136,2019-05-25T00:00:00-04:00,,"Ithaca Men's Track & Field at NCAA Championship @ SPIRE Institute 
 https://athletics.ithaca.edu/calendar.aspx?id=9706"
,1460761,Ithaca Women's Track & Field at NCAA Championship @ SPIRE Institute,https://events.ithaca.edu/event/ithaca_womens_track_field_at_ncaa_championship_spire_institute_7849,2019-05-25T00:00:00-04:00,,"Ithaca Women's Track & Field at NCAA Championship @ SPIRE Institute 
 https://athletics.ithaca.edu/calendar.aspx?id=9724"
,1460762,Ithaca Women's Track & Field at NCAA Championship @ SPIRE Institute,https://events.ithaca.edu/event/ithaca_womens_track_field_at_ncaa_championship_spire_institute_6304,2019-05-26T00:00:00-04:00,,"Ithaca Women's Track & Field at NCAA Championship @ SPIRE Institute 
 https://athletics.ithaca.edu/calendar.aspx?id=9725"
648,1231498,Mobile Food Pantry,https://events.ithaca.edu/event/mobile_food_pantry,2019-09-03T12:00:00-04:00,"","<p>The Mobile Food Pantry of The Food Bank of the Southern Tier&nbsp;is used to deliver fresh produce, dairy products, and other food and grocery items directly to distribution sites where people need food. These food items are available free of charge and&nbsp;the mobile food pantry is&nbsp;open to any and all members of the IC community (students, staff, faculty).</p>

<p>For faster check-in please complete the following survey: <a href=""https://ithaca.qualtrics.com/jfe/form/SV_8bI40xtJlIHfFv7"">https://ithaca.qualtrics.com/jfe/form/SV_8bI40xtJlIHfFv7</a></p>
"
145,1639529,"Graduate Lecture/Recital: James Yoon, euphonium",https://events.ithaca.edu/event/graduate_lecturerecital_james_yoon_euphonium,2019-09-07T13:00:00-04:00,,"Saturday, 9/7/2019
1:00pm  |  Nabenhauer Recital Room
Graduate Lecture/Recital: James Yoon, euphonium


Free, open to the public"
,1622387,Ithaca Football at Saint Vincent College,https://events.ithaca.edu/event/ithaca_football_at_saint_vincent_college,2019-09-07T13:00:00-04:00,,"Ithaca Football at Saint Vincent College
 https://athletics.ithaca.edu/calendar.aspx?id=9844"
660,1588953,Jazz Ensemble Family Concert:  What is Jazz?,https://events.ithaca.edu/event/jazz_ensemble_family_concert_what_is_jazz,2019-09-14T10:00:00-04:00,,"Saturday, 9/14/2019
10:00am  |  Ford Hall
Jazz Ensemble Family Concert:  What is Jazz?


Free, open to the public"
140,1588959,Mary Ann Covert Memorial Concert,https://events.ithaca.edu/event/mary_ann_covert_memorial_concert,2019-09-14T15:00:00-04:00,,"Saturday, 9/14/2019
3:00pm  |  Hockett Family Recital Hall
Mary Ann Covert Memorial Concert


Free, open to the public"
140,1588946,"Faculty Recital: Patrice Pastore, soprano",https://events.ithaca.edu/event/faculty_recital_patrice_pastore_soprano_5745,2019-09-15T16:00:00-04:00,,"Sunday, 9/15/2019
4:00pm  |  Hockett Family Recital Hall
Faculty Recital: Patrice Pastore, soprano
Diane Birr, piano

Free, open to the public"
140,1648296,Beethoven’s 32 Piano Sonatas:  Concert I,https://events.ithaca.edu/event/beethovens_32_piano_sonatas_concert_i,2019-09-16T19:00:00-04:00,,"Monday, 9/16/2019
7:00pm  |  Hockett Family Recital Hall
Beethoven’s 32 Piano Sonatas:  Concert I
A series of eight concerts from Charis Dimaras, select alumni, and current students from his piano studio in celebration of the great composer's upcoming 250th birth anniversary. 

Free, open to the public"
660,1622399,"Faculty Recital: Jean Radice, organ",https://events.ithaca.edu/event/faculty_recital_jean_radice_organ,2019-09-20T19:00:00-04:00,,"Friday, 9/20/2019
7:00pm  |  Ford Hall
Faculty Recital: Jean Radice, organ


Free, open to the public"
140,1601711,"Margot Wegman, mezzo-soprano",https://events.ithaca.edu/event/margot_wegman_mezzo-soprano,2019-09-20T19:00:00-04:00,,"Friday, 9/20/2019
7:00pm  |  Hockett Family Recital Hall
Margot Wegman, mezzo-soprano


Free, open to the public"
650,1622388,Ithaca Football vs Alfred University,https://events.ithaca.edu/event/ithaca_football_vs_alfred_university,2019-09-21T13:00:00-04:00,,"Ithaca Football vs Alfred University
 https://athletics.ithaca.edu/calendar.aspx?id=9845"
140,1601678,"Dasol Um, piano",https://events.ithaca.edu/event/dasol_um_piano,2019-09-21T19:00:00-04:00,,"Saturday, 9/21/2019
7:00pm  |  Hockett Family Recital Hall
Dasol Um, piano


Free, open to the public"
660,1601736,"Adam Tarpey, tenor",https://events.ithaca.edu/event/adam_tarpey_tenor,2019-09-21T20:15:00-04:00,,"Saturday, 9/21/2019
8:15pm  |  Ford Hall
Adam Tarpey, tenor


Free, open to the public"
,1588922,Founders Day Concert in the Park,https://events.ithaca.edu/event/founders_day_concert_in_the_park_7396,2019-09-22T14:00:00-04:00,,"Sunday, 9/22/2019
2:00pm  |  DeWitt Park
Founders Day Concert in the Park
Rain location:  First Baptist Church (adjacent to DeWitt Park)

Free, open to the public"
140,1588938,After Dinner Mint:  A Faculty Showcase,https://events.ithaca.edu/event/after_dinner_mint_a_faculty_showcase_9536,2019-09-23T19:00:00-04:00,,"Monday, 9/23/2019
7:00pm  |  Hockett Family Recital Hall
After Dinner Mint:  A Faculty Showcase


Free, open to the public"
145,1598532,Electroacoustic Music,https://events.ithaca.edu/event/electroacoustic_music_7700,2019-09-27T19:00:00-04:00,,"Friday, 9/27/2019
7:00pm  |  Nabenhauer Recital Room
Electroacoustic Music


Free, open to the public"
140,1601714,"Kurt Eide, trombone",https://events.ithaca.edu/event/kurt_eide_trombone,2019-09-27T19:00:00-04:00,,"Friday, 9/27/2019
7:00pm  |  Hockett Family Recital Hall
Kurt Eide, trombone


Free, open to the public"
650,1622389,Ithaca Football vs St. John Fisher College,https://events.ithaca.edu/event/ithaca_football_vs_st_john_fisher_college,2019-09-28T13:00:00-04:00,,"Ithaca Football vs St. John Fisher College
 https://athletics.ithaca.edu/calendar.aspx?id=9846"
648,1231498,Mobile Food Pantry,https://events.ithaca.edu/event/mobile_food_pantry,2019-10-01T12:00:00-04:00,"","<p>The Mobile Food Pantry of The Food Bank of the Southern Tier&nbsp;is used to deliver fresh produce, dairy products, and other food and grocery items directly to distribution sites where people need food. These food items are available free of charge and&nbsp;the mobile food pantry is&nbsp;open to any and all members of the IC community (students, staff, faculty).</p>

<p>For faster check-in please complete the following survey: <a href=""https://ithaca.qualtrics.com/jfe/form/SV_8bI40xtJlIHfFv7"">https://ithaca.qualtrics.com/jfe/form/SV_8bI40xtJlIHfFv7</a></p>
"
140,1631907,French Art Song Recital with the Voice Faculty and pianist Karl Paulnack,https://events.ithaca.edu/event/french_art_song_recital_with_the_voice_faculty_and_pianist_karl_paulnack,2019-10-03T19:00:00-04:00,,"Thursday, 10/3/2019
7:00pm  |  Hockett Family Recital Hall
French Art Song Recital with the Voice Faculty and pianist Karl Paulnack


Free, open to the public"
660,1601710,"Kristy Shuck, soprano",https://events.ithaca.edu/event/kristy_shuck_soprano,2019-10-04T19:00:00-04:00,,"Friday, 10/4/2019
7:00pm  |  Ford Hall
Kristy Shuck, soprano


Free, open to the public"
660,1601708,"Erin O’Rourke, soprano",https://events.ithaca.edu/event/erin_orourke_soprano,2019-10-05T13:00:00-04:00,,"Saturday, 10/5/2019
1:00pm  |  Ford Hall
Erin O’Rourke, soprano


Free, open to the public"
,1622390,Ithaca Football at St. Lawrence University,https://events.ithaca.edu/event/ithaca_football_at_st_lawrence_university,2019-10-05T13:00:00-04:00,,"Ithaca Football at St. Lawrence University
 https://athletics.ithaca.edu/calendar.aspx?id=9847"
140,1601729,"Megan Smythe, piano",https://events.ithaca.edu/event/megan_smythe_piano,2019-10-05T14:00:00-04:00,,"Saturday, 10/5/2019
2:00pm  |  Hockett Family Recital Hall
Megan Smythe, piano


Free, open to the public"
658,1638649,Ithacappella Block I Concert,https://events.ithaca.edu/event/ithacappella_block_i_concert,2019-10-05T19:30:00-04:00,"","<p>Join Ithacappella for our first major concert of the year! Featuring fun a cappella covers of such artists as Beyonc&eacute;, Vulfpeck, Shawn Mendes, and Khalid, join us for a fun music-filled night!</p>
"
660,1588920,Choral Collage,https://events.ithaca.edu/event/choral_collage_1399,2019-10-05T20:15:00-04:00,,"Saturday, 10/5/2019
8:15pm  |  Ford Hall
Choral Collage


Free, open to the public"
660,1601704,"Sage Stoakley, soprano",https://events.ithaca.edu/event/sage_stoakley_soprano,2019-10-06T13:00:00-04:00,,"Sunday, 10/6/2019
1:00pm  |  Ford Hall
Sage Stoakley, soprano


Free, open to the public"
660,1601680,"Hannah Cayem, soprano",https://events.ithaca.edu/event/hannah_cayem_soprano,2019-10-06T15:00:00-04:00,,"Sunday, 10/6/2019
3:00pm  |  Ford Hall
Hannah Cayem, soprano


Free, open to the public"
140,1588955,Composition Premieres,https://events.ithaca.edu/event/composition_premieres_5388,2019-10-07T19:00:00-04:00,,"Monday, 10/7/2019
7:00pm  |  Hockett Family Recital Hall
Composition Premieres


Free, open to the public"
140,1623690,"Laura Amoriello, piano",https://events.ithaca.edu/event/laura_amoriello_piano,2019-10-11T19:00:00-04:00,,"Friday, 10/11/2019
7:00pm  |  Hockett Family Recital Hall
Laura Amoriello, piano


Free, open to the public"
660,1588939,Chamber Orchestra,https://events.ithaca.edu/event/chamber_orchestra_3362,2019-10-11T20:15:00-04:00,,"Friday, 10/11/2019
8:15pm  |  Ford Hall
Chamber Orchestra


Free, open to the public"
145,1612467,"Graduate Lecture/Recital: Krysten Geddes, flute",https://events.ithaca.edu/event/graduate_lecturerecital_krysten_geddes_flute,2019-10-12T13:00:00-04:00,,"Saturday, 10/12/2019
1:00pm  |  Nabenhauer Recital Room
Graduate Lecture/Recital: Krysten Geddes, flute


Free, open to the public"
650,1622391,Ithaca Football vs Buffalo State,https://events.ithaca.edu/event/ithaca_football_vs_buffalo_state,2019-10-12T13:00:00-04:00,,"Ithaca Football vs Buffalo State
 https://athletics.ithaca.edu/calendar.aspx?id=9848"
660,1588943,Percussion Ensembles,https://events.ithaca.edu/event/percussion_ensembles_9533,2019-10-12T14:00:00-04:00,,"Saturday, 10/12/2019
2:00pm  |  Ford Hall
Percussion Ensembles


Free, open to the public"
140,1601670,"Evan Schreiber, trumpet",https://events.ithaca.edu/event/evan_schreiber_trumpet,2019-10-12T15:00:00-04:00,,"Saturday, 10/12/2019
3:00pm  |  Hockett Family Recital Hall
Evan Schreiber, trumpet


Free, open to the public"
660,1588919,Jazz Ensemble,https://events.ithaca.edu/event/jazz_ensemble_9791,2019-10-12T20:15:00-04:00,,"Saturday, 10/12/2019
8:15pm  |  Ford Hall
Jazz Ensemble


Free, open to the public"
660,1588925,Symphony Orchestra,https://events.ithaca.edu/event/symphony_orchestra_5467,2019-10-13T16:00:00-04:00,,"Sunday, 10/13/2019
4:00pm  |  Ford Hall
Symphony Orchestra


Free, open to the public"
140,1648290,Beethoven’s 32 Piano Sonatas:  Concert II,https://events.ithaca.edu/event/beethovens_32_piano_sonatas_concert_ii,2019-10-14T19:00:00-04:00,,"Monday, 10/14/2019
7:00pm  |  Hockett Family Recital Hall
Beethoven’s 32 Piano Sonatas:  Concert II
A series of eight concerts from Charis Dimaras, select alumni, and current students from his piano studio in celebration of the great composer's upcoming 250th birth anniversary. 

Free, open to the public"
660,1588928,Concert Band,https://events.ithaca.edu/event/concert_band_9571,2019-10-14T20:15:00-04:00,,"Monday, 10/14/2019
8:15pm  |  Ford Hall
Concert Band


Free, open to the public"
140,1588924,"Faculty Recital: Susan Waterbury, violin",https://events.ithaca.edu/event/faculty_recital_susan_waterbury_violin_7965,2019-10-15T19:00:00-04:00,,"Tuesday, 10/15/2019
7:00pm  |  Hockett Family Recital Hall
Faculty Recital: Susan Waterbury, violin


Free, open to the public"
660,1588960,Wind Ensemble and Wind Symphony,https://events.ithaca.edu/event/wind_ensemble_and_wind_symphony_164,2019-10-15T20:15:00-04:00,,"Tuesday, 10/15/2019
8:15pm  |  Ford Hall
Wind Ensemble and Wind Symphony


Free, open to the public"
650,1622392,Ithaca Football vs Hobart College,https://events.ithaca.edu/event/ithaca_football_vs_hobart_college,2019-10-19T13:00:00-04:00,,"Ithaca Football vs Hobart College
 https://athletics.ithaca.edu/calendar.aspx?id=9849"
140,1588963,Violin Studio of Susan Waterbury,https://events.ithaca.edu/event/violin_studio_of_susan_waterbury_33,2019-10-22T19:00:00-04:00,,"Tuesday, 10/22/2019
7:00pm  |  Hockett Family Recital Hall
Violin Studio of Susan Waterbury


Free, open to the public"
660,1588949,African Drumming and Dance,https://events.ithaca.edu/event/african_drumming_and_dance_8872,2019-10-24T20:15:00-04:00,,"Thursday, 10/24/2019
8:15pm  |  Ford Hall
African Drumming and Dance


Free, open to the public"
660,1601679,"Dan Yapp, jazz trumpet",https://events.ithaca.edu/event/dan_yapp_jazz_trumpet_9084,2019-10-25T19:00:00-04:00,,"Friday, 10/25/2019
7:00pm  |  Ford Hall
Dan Yapp, jazz trumpet


Free, open to the public"
140,1601705,"Emily Dimitriou, mezzo-soprano",https://events.ithaca.edu/event/emily_dimitriou_mezzo-soprano,2019-10-25T20:15:00-04:00,,"Friday, 10/25/2019
8:15pm  |  Hockett Family Recital Hall
Emily Dimitriou, mezzo-soprano


Free, open to the public"
660,1601728,"Erica Erath, oboe",https://events.ithaca.edu/event/erica_erath_oboe,2019-10-26T13:00:00-04:00,,"Saturday, 10/26/2019
1:00pm  |  Ford Hall
Erica Erath, oboe


Free, open to the public"
,1622393,Ithaca Football at University of Rochester,https://events.ithaca.edu/event/ithaca_football_at_university_of_rochester,2019-10-26T13:00:00-04:00,,"Ithaca Football at University of Rochester
 https://athletics.ithaca.edu/calendar.aspx?id=9850"
140,1601724,"Alora Foster, viola",https://events.ithaca.edu/event/alora_foster_viola,2019-10-27T15:00:00-04:00,,"Sunday, 10/27/2019
3:00pm  |  Hockett Family Recital Hall
Alora Foster, viola


Free, open to the public"
140,1639528,"Faculty Recital: Dmitri Novgorodsky, piano",https://events.ithaca.edu/event/faculty_recital_dmitri_novgorodsky_piano_638,2019-10-28T19:00:00-04:00,,"Monday, 10/28/2019
7:00pm  |  Hockett Family Recital Hall
Faculty Recital: Dmitri Novgorodsky, piano


Free, open to the public"
660,1622398,"Benjamin Baker, violin",https://events.ithaca.edu/event/benjamin_baker_violin_7550,2019-10-29T20:15:00-04:00,,"Tuesday, 10/29/2019
8:15pm  |  Ford Hall
Benjamin Baker, violin
Daniel Lebhardt, piano

Free, open to the public"
140,1622397,"Benjamin Baker, violin",https://events.ithaca.edu/event/benjamin_baker_violin,2019-10-30T19:00:00-04:00,,"Wednesday, 10/30/2019
7:00pm  |  Hockett Family Recital Hall
Benjamin Baker, violin


Free, open to the public"
660,1601694,"Nicholas Fagnilli, composition",https://events.ithaca.edu/event/nicholas_fagnilli_composition,2019-11-01T19:00:00-04:00,,"Friday, 11/1/2019
7:00pm  |  Ford Hall
Nicholas Fagnilli, composition


Free, open to the public"
650,1622394,Ithaca Football vs Union College,https://events.ithaca.edu/event/ithaca_football_vs_union_college,2019-11-02T13:00:00-04:00,,"Ithaca Football vs Union College
 https://athletics.ithaca.edu/calendar.aspx?id=9851"
660,1601681,"Zachary Cohen, viola",https://events.ithaca.edu/event/zachary_cohen_viola,2019-11-02T13:00:00-04:00,,"Saturday, 11/2/2019
1:00pm  |  Ford Hall
Zachary Cohen, viola


Free, open to the public"
140,1601699,"Francesco DiLello, tenor",https://events.ithaca.edu/event/francesco_dilello_tenor,2019-11-02T14:00:00-04:00,,"Saturday, 11/2/2019
2:00pm  |  Hockett Family Recital Hall
Francesco DiLello, tenor


Free, open to the public"
140,1592192,"Faculty Recital: Wendy Herbener Mehne, flute",https://events.ithaca.edu/event/faculty_recital_wendy_herbener_mehne_flute,2019-11-03T16:00:00-05:00,,"Sunday, 11/3/2019
4:00pm  |  Hockett Family Recital Hall
Faculty Recital: Wendy Herbener Mehne, flute


Free, open to the public"
658,1638650,Ithacappella Block II,https://events.ithaca.edu/event/ithacappella_block_ii,2019-11-03T19:00:00-05:00,"","<p>Join Ithacappella for our second&nbsp;major concert of the year! Featuring fun a cappella versions of some of your favorite songs-&nbsp;join us for a fun, music-filled night!</p>

<p>&nbsp;</p>
"
140,1588942,After Dinner Mint:  A Faculty Showcase,https://events.ithaca.edu/event/after_dinner_mint_a_faculty_showcase_1415,2019-11-04T19:00:00-05:00,,"Monday, 11/4/2019
7:00pm  |  Hockett Family Recital Hall
After Dinner Mint:  A Faculty Showcase


Free, open to the public"
648,1231498,Mobile Food Pantry,https://events.ithaca.edu/event/mobile_food_pantry,2019-11-05T12:00:00-05:00,"","<p>The Mobile Food Pantry of The Food Bank of the Southern Tier&nbsp;is used to deliver fresh produce, dairy products, and other food and grocery items directly to distribution sites where people need food. These food items are available free of charge and&nbsp;the mobile food pantry is&nbsp;open to any and all members of the IC community (students, staff, faculty).</p>

<p>For faster check-in please complete the following survey: <a href=""https://ithaca.qualtrics.com/jfe/form/SV_8bI40xtJlIHfFv7"">https://ithaca.qualtrics.com/jfe/form/SV_8bI40xtJlIHfFv7</a></p>
"
,1622395,Ithaca Football at Rensselaer Polytechnic Institute,https://events.ithaca.edu/event/ithaca_football_at_rensselaer_polytechnic_institute,2019-11-09T13:00:00-05:00,,"Ithaca Football at Rensselaer Polytechnic Institute
 https://athletics.ithaca.edu/calendar.aspx?id=9852"
140,1601666,"Melanie Lota, mezzo-soprano",https://events.ithaca.edu/event/melanie_lota_mezzo-soprano,2019-11-09T14:00:00-05:00,,"Saturday, 11/9/2019
2:00pm  |  Hockett Family Recital Hall
Melanie Lota, mezzo-soprano


Free, open to the public"
660,1601693,"Sydney Rosen, French horn",https://events.ithaca.edu/event/sydney_rosen_french_horn,2019-11-09T15:00:00-05:00,,"Saturday, 11/9/2019
3:00pm  |  Ford Hall
Sydney Rosen, French horn


Free, open to the public"
140,1601683,"Emily Scicchitano, violin",https://events.ithaca.edu/event/emily_scicchitano_violin,2019-11-09T16:00:00-05:00,,"Saturday, 11/9/2019
4:00pm  |  Hockett Family Recital Hall
Emily Scicchitano, violin


Free, open to the public"
660,1601737,"Benjamin Futterman, horn",https://events.ithaca.edu/event/benjamin_futterman_horn,2019-11-09T19:00:00-05:00,,"Saturday, 11/9/2019
7:00pm  |  Ford Hall
Benjamin Futterman, horn


Free, open to the public"
145,1615133,"Graduate Lecture/Recital: Jenna Trunk, violin",https://events.ithaca.edu/event/graduate_lecturerecital_jenna_trunk_violin,2019-11-09T19:00:00-05:00,,"Saturday, 11/9/2019
7:00pm  |  Nabenhauer Recital Room
Graduate Lecture/Recital: Jenna Trunk, violin


Free, open to the public"
140,1601738,"Alexei Aceto, piano",https://events.ithaca.edu/event/alexei_aceto_piano,2019-11-09T20:15:00-05:00,,"Saturday, 11/9/2019
8:15pm  |  Hockett Family Recital Hall
Alexei Aceto, piano


Free, open to the public"
660,1588957,Trumpet Guild and Tuba-Euphonium Ensemble,https://events.ithaca.edu/event/trumpet_guild_and_tuba-euphonium_ensemble,2019-11-10T15:00:00-05:00,,"Sunday, 11/10/2019
3:00pm  |  Ford Hall
Trumpet Guild and Tuba-Euphonium Ensemble


Free, open to the public"
140,1601709,"Elizabeth Carroll, cello",https://events.ithaca.edu/event/elizabeth_carroll_cello,2019-11-10T16:00:00-05:00,,"Sunday, 11/10/2019
4:00pm  |  Hockett Family Recital Hall
Elizabeth Carroll, cello


Free, open to the public"
140,1648295,Beethoven’s 32 Piano Sonatas:  Concert III,https://events.ithaca.edu/event/beethovens_32_piano_sonatas_concert_iii,2019-11-11T19:00:00-05:00,,"Monday, 11/11/2019
7:00pm  |  Hockett Family Recital Hall
Beethoven’s 32 Piano Sonatas:  Concert III
A series of eight concerts from Charis Dimaras, select alumni, and current students from his piano studio in celebration of the great composer's upcoming 250th birth anniversary. 

Free, open to the public"
140,1588929,Contemporary Chamber Ensemble,https://events.ithaca.edu/event/contemporary_chamber_ensemble_1252,2019-11-12T19:00:00-05:00,,"Tuesday, 11/12/2019
7:00pm  |  Hockett Family Recital Hall
Contemporary Chamber Ensemble


Free, open to the public"
140,1588937,Trumpet Area Recital,https://events.ithaca.edu/event/trumpet_area_recital_7464,2019-11-13T19:00:00-05:00,,"Wednesday, 11/13/2019
7:00pm  |  Hockett Family Recital Hall
Trumpet Area Recital


Free, open to the public"
140,1588956,Piano Instrumental Duos,https://events.ithaca.edu/event/piano_instrumental_duos,2019-11-14T19:00:00-05:00,,"Thursday, 11/14/2019
7:00pm  |  hockett Family Recital Hall
Piano Instrumental Duos


Free, open to the public"
140,1588926,Flute Ensembles,https://events.ithaca.edu/event/flute_ensembles_6632,2019-11-15T19:00:00-05:00,,"Friday, 11/15/2019
7:00pm  |  Hockett Family Recital Hall
Flute Ensembles


Free, open to the public"
,1622396,Ithaca Football vs SUNY Cortland,https://events.ithaca.edu/event/ithaca_football_vs_suny_cortland,2019-11-16T00:00:00-05:00,,"Ithaca Football vs SUNY Cortland
 https://athletics.ithaca.edu/calendar.aspx?id=9853"
140,1601720,Composition Premieres,https://events.ithaca.edu/event/composition_premieres_2370,2019-11-18T19:00:00-05:00,,"Monday, 11/18/2019
7:00pm  |  Hockett Family Recital Hall
Composition Premieres


Free, open to the public"
660,1588932,Jazz Repertory Ensemble,https://events.ithaca.edu/event/jazz_repertory_ensemble_6861,2019-11-18T20:15:00-05:00,,"Monday, 11/18/2019
8:15pm  |  Ford Hall
Jazz Repertory Ensemble


Free, open to the public"
140,1588933,Chamber Music,https://events.ithaca.edu/event/chamber_music_6324,2019-11-20T19:00:00-05:00,,"Wednesday, 11/20/2019
7:00pm  |  Hockett Family Recital Hall
Chamber Music


Free, open to the public"
660,1588923,Trombone Troupe,https://events.ithaca.edu/event/trombone_troupe_6869,2019-11-20T20:15:00-05:00,,"Wednesday, 11/20/2019
8:15pm  |  Ford Hall
Trombone Troupe


Free, open to the public"
140,1588930,Woodwind Chamber Music,https://events.ithaca.edu/event/woodwind_chamber_music_916,2019-11-21T19:00:00-05:00,,"Thursday, 11/21/2019
7:00pm  |  Hockett Family Recital Hall
Woodwind Chamber Music


Free, open to the public"
660,1588951,African Drumming and Dance,https://events.ithaca.edu/event/african_drumming_and_dance_6647,2019-11-21T20:15:00-05:00,,"Thursday, 11/21/2019
8:15pm  |  Ford Hall
African Drumming and Dance


Free, open to the public"
140,1648289,Beethoven’s 32 Piano Sonatas:  Concert IV,https://events.ithaca.edu/event/beethovens_32_piano_sonatas_concert_iv,2019-12-02T19:00:00-05:00,,"Monday, 12/2/2019
7:00pm  |  Hockett Family Recital Hall
Beethoven’s 32 Piano Sonatas:  Concert IV
A series of eight concerts from Charis Dimaras, select alumni, and current students from his piano studio in celebration of the great composer's upcoming 250th birth anniversary. 

Free, open to the public"
648,1231498,Mobile Food Pantry,https://events.ithaca.edu/event/mobile_food_pantry,2019-12-03T12:00:00-05:00,"","<p>The Mobile Food Pantry of The Food Bank of the Southern Tier&nbsp;is used to deliver fresh produce, dairy products, and other food and grocery items directly to distribution sites where people need food. These food items are available free of charge and&nbsp;the mobile food pantry is&nbsp;open to any and all members of the IC community (students, staff, faculty).</p>

<p>For faster check-in please complete the following survey: <a href=""https://ithaca.qualtrics.com/jfe/form/SV_8bI40xtJlIHfFv7"">https://ithaca.qualtrics.com/jfe/form/SV_8bI40xtJlIHfFv7</a></p>
"
140,1588941,Piano Vocal Duos,https://events.ithaca.edu/event/piano_vocal_duos,2019-12-03T19:00:00-05:00,,"Tuesday, 12/3/2019
7:00pm  |  Hockett Family Recital Hall
Piano Vocal Duos


Free, open to the public"
140,1588945,Chamber Music,https://events.ithaca.edu/event/chamber_music_2081,2019-12-04T19:00:00-05:00,,"Wednesday, 12/4/2019
7:00pm  |  Hockett Family Recital Hall
Chamber Music


Free, open to the public"
660,1588934,Percussion Ensemble,https://events.ithaca.edu/event/percussion_ensemble_6140,2019-12-04T20:15:00-05:00,,"Wednesday, 12/4/2019
8:15pm  |  Ford Hall
Percussion Ensemble   


Free, open to the public"
660,1588947,Jazz Vocal Ensemble,https://events.ithaca.edu/event/jazz_vocal_ensemble_8206,2019-12-05T20:15:00-05:00,,"Thursday, 12/5/2019
8:15pm  |  Ford Hall
Jazz Vocal Ensemble


Free, open to the public"
660,1588954,Sinfonietta and Campus Band,https://events.ithaca.edu/event/sinfonietta_and_campus_band,2019-12-06T19:00:00-05:00,,"Friday, 12/6/2019
7:00pm  |  Ford Hall
Sinfonietta and Campus Band


Free, open to the public"
140,1598531,The Voice Faculty Presents Songs of Hugo Wolf,https://events.ithaca.edu/event/the_voice_faculty_presents_songs_of_hugo_wolf,2019-12-06T19:00:00-05:00,,"Friday, 12/6/2019
7:00pm  |  Hockett Family Recital Hall
The Voice Faculty Presents Songs of Hugo Wolf



Free, open to the public"
660,1588952,Percussion Ensemble,https://events.ithaca.edu/event/percussion_ensemble_3852,2019-12-07T13:00:00-05:00,,"Saturday, 12/7/2019
1:00pm  |  Ford Hall
Percussion Ensemble


Free, open to the public"
660,1588950,Jazz Lab Band and Campus Jazz Ensemble,https://events.ithaca.edu/event/jazz_lab_band_and_campus_jazz_ensemble,2019-12-07T15:00:00-05:00,,"Saturday, 12/7/2019
3:00pm  |  Ford Hall
Jazz Lab Band and Campus Jazz Ensemble


Free, open to the public"
140,1601703,"Lucia Barrero, violin",https://events.ithaca.edu/event/lucia_barrero_violin,2019-12-07T16:00:00-05:00,,"Saturday, 12/7/2019
4:00pm  |  Hockett Family Recital Hall
Lucia Barrero, violin


Free, open to the public"
660,1588936,Jazz Ensemble,https://events.ithaca.edu/event/jazz_ensemble_5050,2019-12-07T20:15:00-05:00,,"Saturday, 12/7/2019
8:15pm  |  Ford Hall
Jazz Ensemble


Free, open to the public"
660,1588948,Winter Choral Concert,https://events.ithaca.edu/event/winter_choral_concert_7081,2019-12-08T15:00:00-05:00,,"Sunday, 12/8/2019
3:00pm  |  Ford Hall
Winter Choral Concert


Free, open to the public"
140,1588935,Jazz Vocal Repertory Ensemble,https://events.ithaca.edu/event/jazz_vocal_repertory_ensemble_3146,2019-12-09T19:00:00-05:00,,"Monday, 12/9/2019
7:00pm  |  Hockett Family Recital Hall
Jazz Vocal Repertory Ensemble


Free, open to the public"
660,1588961,Chamber Orchestra,https://events.ithaca.edu/event/chamber_orchestra_547,2019-12-09T20:15:00-05:00,,"Monday, 12/9/2019
8:15pm  |  Ford Hall
Chamber Orchestra


Free, open to the public"
140,1588944,Campus Choral Ensemble,https://events.ithaca.edu/event/campus_choral_ensemble_7970,2019-12-10T19:00:00-05:00,,"Tuesday, 12/10/2019
7:00pm  |  Hockett Family Recital Hall
Campus Choral Ensemble


Free, open to the public"
660,1588962,Symphony Orchestra,https://events.ithaca.edu/event/symphony_orchestra_6011,2019-12-10T20:15:00-05:00,,"Tuesday, 12/10/2019
8:15pm  |  Ford Hall
Symphony Orchestra


Free, open to the public"
140,1588921,Opera Workshop,https://events.ithaca.edu/event/opera_workshop_1139,2019-12-11T18:30:00-05:00,,"Wednesday, 12/11/2019
6:30pm  |  Hockett Family Recital Hall
Opera Workshop


Free, open to the public"
660,1588940,Wind Symphony and Concert Band,https://events.ithaca.edu/event/wind_symphony_and_concert_band_9976,2019-12-11T20:15:00-05:00,,"Wednesday, 12/11/2019
8:15pm  |  Ford Hall
Wind Symphony and Concert Band


Free, open to the public"
660,1588931,Wind Ensemble,https://events.ithaca.edu/event/wind_ensemble,2019-12-12T20:15:00-05:00,,"Thursday, 12/12/2019
8:15pm  |  Ford Hall
Wind Ensemble


Free, open to the public"
660,1601700,"Concert in Honor of Martin Luther King, Jr.",https://events.ithaca.edu/event/concert_in_honor_of_martin_luther_king_jr_3854,2020-01-24T19:30:00-05:00,,"Friday, 1/24/2020
7:30pm  |  Ford Hall
Concert in Honor of Martin Luther King, Jr.


Free, open to the public"
660,1601721,Fourth Annual Ithaca Big Band Summit,https://events.ithaca.edu/event/fourth_annual_ithaca_big_band_summit,2020-02-02T14:00:00-05:00,,"Sunday, 2/2/2020
2:00pm  |  Ford Hall
Fourth Annual Ithaca Big Band Summit
The Ithaca College Jazz Ensemble, Cornell Jazz Ensemble, and Ithaca High School Jazz Ensemble.  Directors Mike Titlebaum, Paul Merrill, and Michael Treat.

Free, open to the public"
658,1638651,Ithacappella Block III,https://events.ithaca.edu/event/ithacappella_block_iii,2020-02-08T19:30:00-05:00,"","<p>Join Ithacappella for our third major concert of the year! Featuring fun a cappella versions of some of your favorite songs-&nbsp;join us for a fun, music-filled night!</p>
"
660,1601672,Symphony Orchestra,https://events.ithaca.edu/event/symphony_orchestra_4341,2020-02-09T16:00:00-05:00,,"Sunday, 2/9/2020
4:00pm  |  Ford Hall
Symphony Orchestra


Free, open to the public"
140,1601717,After Dinner Mint:  A Faculty Showcase,https://events.ithaca.edu/event/after_dinner_mint_a_faculty_showcase_3029,2020-02-10T19:00:00-05:00,,"Monday, 2/10/2020
7:00pm  |  Hockett Family Recital Hall
After Dinner Mint:  A Faculty Showcase


Free, open to the public"
145,1601735,Electroacoustic Music,https://events.ithaca.edu/event/electroacoustic_music_9097,2020-02-14T19:00:00-05:00,,"Friday, 2/14/2020
7:00pm  |  Nabenhauer Recital Room
Electroacoustic Music


Free, open to the public"
140,1601692,"Elisabeth Marshall, soprano",https://events.ithaca.edu/event/elisabeth_marshall_soprano,2020-02-15T19:00:00-05:00,,"Saturday, 2/15/2020
7:00pm  |  Hockett Family Recital Hall
Elisabeth Marshall, soprano


Free, open to the public"
140,1648294,Beethoven’s 32 Piano Sonatas:  Concert V,https://events.ithaca.edu/event/beethovens_32_piano_sonatas_concert_v,2020-02-17T19:00:00-05:00,,"Monday, 2/17/2020
7:00pm  |  Hockett Family Recital Hall
Beethoven’s 32 Piano Sonatas:  Concert V
A series of eight concerts from Charis Dimaras, select alumni, and current students from his piano studio in celebration of the great composer's upcoming 250th birth anniversary. 

Free, open to the public"
140,1601732,Composition Premieres,https://events.ithaca.edu/event/composition_premieres_2773,2020-02-24T19:00:00-05:00,,"Monday, 2/24/2020
7:00pm  |  Hockett Family Recital Hall
Composition Premieres


Free, open to the public"
660,1601713,Percussion Ensembles,https://events.ithaca.edu/event/percussion_ensembles_5681,2020-02-26T20:15:00-05:00,,"Wednesday, 2/26/2020
8:15pm  |  Ford Hall
Percussion Ensembles


Free, open to the public"
660,1601671,Black History Month Concert,https://events.ithaca.edu/event/black_history_month_concert_1061,2020-02-27T20:15:00-05:00,,"Thursday, 2/27/2020
8:15pm  |  Ford Hall
Black History Month Concert


Free, open to the public"
140,1601706,Mary Hayes North Competition for Senior Piano Majors,https://events.ithaca.edu/event/mary_hayes_north_competition_for_senior_piano_majors_6767,2020-02-28T14:00:00-05:00,,"Friday, 2/28/2020
2:00pm  |  Hockett Family Recital Hall
Mary Hayes North Competition for Senior Piano Majors


Free, open to the public"
660,1601715,Jazz Ensemble,https://events.ithaca.edu/event/jazz_ensemble_1900,2020-02-29T20:15:00-05:00,,"Saturday, 2/29/2020
8:15pm  |  Ford Hall
Jazz Ensemble


Free, open to the public"
140,1648291,Beethoven’s 32 Piano Sonatas:  Concert VI,https://events.ithaca.edu/event/beethovens_32_piano_sonatas_concert_vi,2020-03-02T19:00:00-05:00,,"Monday, 3/2/2020
7:00pm  |  Hockett Family Recital Hall
Beethoven’s 32 Piano Sonatas:  Concert VI
A series of eight concerts from Charis Dimaras, select alumni, and current students from his piano studio in celebration of the great composer's upcoming 250th birth anniversary. 

Free, open to the public"
660,1601697,Choral Concert,https://events.ithaca.edu/event/choral_concert,2020-03-02T20:15:00-05:00,,"Monday, 3/2/2020
8:15pm  |  Ford Hall
Choral Concert


Free, open to the public"
660,1601722,Wind Symphony and Concert Band,https://events.ithaca.edu/event/wind_symphony_and_concert_band_757,2020-03-03T20:15:00-05:00,,"Tuesday, 3/3/2020
8:15pm  |  Ford Hall
Wind Symphony and Concert Band


Free, open to the public"
660,1601695,Wind Ensemble,https://events.ithaca.edu/event/wind_ensemble_7016,2020-03-04T20:15:00-05:00,,"Wednesday, 3/4/2020
8:15pm  |  Ford Hall
Wind Ensemble


Free, open to the public"
660,1601701,Symphony Orchestra Concerto Concert,https://events.ithaca.edu/event/symphony_orchestra_concerto_concert_7078,2020-03-05T20:15:00-05:00,,"Thursday, 3/5/2020
8:15pm  |  Ford Hall
Symphony Orchestra Concerto Concert


Free, open to the public"
660,1601698,Brass Choir and Trombone Troupe,https://events.ithaca.edu/event/brass_choir_and_trombone_troupe_4457,2020-03-18T20:15:00-04:00,,"Wednesday, 3/18/2020
8:15pm  |  Ford Hall
Brass Choir and Trombone Troupe


Free, open to the public"
660,1601725,African Drumming and Dance,https://events.ithaca.edu/event/african_drumming_and_dance_4573,2020-03-19T20:15:00-04:00,,"Thursday, 3/19/2020
8:15pm  |  Ford Hall
African Drumming and Dance


Free, open to the public"
660,1601685,Gospel Festival,https://events.ithaca.edu/event/gospel_festival_3379,2020-03-21T20:15:00-04:00,,"Saturday, 3/21/2020
8:15pm  |  Ford Hall
Gospel Festival


Free, open to the public"
140,1648293,Beethoven’s 32 Piano Sonatas:  Concert VII,https://events.ithaca.edu/event/beethovens_32_piano_sonatas_concert_vii,2020-03-23T19:00:00-04:00,,"Monday, 3/23/2020
7:00pm  |  Hockett Family Recital Hall
Beethoven’s 32 Piano Sonatas:  Concert VII
A series of eight concerts from Charis Dimaras, select alumni, and current students from his piano studio in celebration of the great composer's upcoming 250th birth anniversary. 

Free, open to the public"
660,1601733,Choral Composition Festival Concert,https://events.ithaca.edu/event/choral_composition_festival_concert_4531,2020-03-28T19:00:00-04:00,,"Saturday, 3/28/2020
7:00pm  |  Ford Hall
Choral Composition Festival Concert


Free, open to the public"
140,1601684,After Dinner Mint:  A Faculty Showcase,https://events.ithaca.edu/event/after_dinner_mint_a_faculty_showcase_3337,2020-03-30T19:00:00-04:00,,"Monday, 3/30/2020
7:00pm  |  Hockett Family Recital Hall
After Dinner Mint:  A Faculty Showcase


Free, open to the public"
140,1601665,Composition Premieres,https://events.ithaca.edu/event/composition_premieres_4467,2020-04-06T19:00:00-04:00,,"Monday, 4/6/2020
7:00pm  |  Hockett Family Recital Hall
Composition Premieres


Free, open to the public"
660,1601726,Tuba/Euphonium Ensemble and Trumpet Guild,https://events.ithaca.edu/event/tubaeuphonium_ensemble_and_trumpet_guild,2020-04-10T19:00:00-04:00,,"Friday, 4/10/2020
7:00pm  |  Ford Hall
Tuba/Euphonium Ensemble and Trumpet Guild


Free, open to the public"
140,1648292,Beethoven’s 32 Piano Sonatas:  Concert VIII,https://events.ithaca.edu/event/beethovens_32_piano_sonatas_concert_viii,2020-04-13T19:00:00-04:00,,"Monday, 4/13/2020
7:00pm  |  Hockett Family Recital Hall
Beethoven’s 32 Piano Sonatas:  Concert VIII
A series of eight concerts from Charis Dimaras, select alumni, and current students from his piano studio in celebration of the great composer's upcoming 250th birth anniversary. 


Free, open to the public"
140,1601675,Flute Ensembles,https://events.ithaca.edu/event/flute_ensembles_5588,2020-04-14T19:00:00-04:00,,"Tuesday, 4/14/2020
7:00pm  |  Hockett Family Recital Hall
Flute Ensembles


Free, open to the public"
140,1601739,Trumpet Area Recital,https://events.ithaca.edu/event/trumpet_area_recital_7998,2020-04-15T19:00:00-04:00,,"Wednesday, 4/15/2020
7:00pm  |  Hockett Family Recital Hall
Trumpet Area Recital


Free, open to the public"
140,1601707,Woodwind Chamber Ensembles,https://events.ithaca.edu/event/woodwind_chamber_ensembles,2020-04-15T19:00:00-04:00,,"Wednesday, 4/15/2020
7:00pm  |  Hockett Family Recital Hall
Woodwind Chamber Ensembles


Free, open to the public"
140,1601691,Contemporary Chamber Ensemble,https://events.ithaca.edu/event/contemporary_chamber_ensemble_9038,2020-04-16T19:00:00-04:00,,"Thursday, 4/16/2020
7:00pm  |  Hockett Family Recital Hall
Contemporary Chamber Ensemble


Free, open to the public"
658,1638653,Ithacappella Block IV,https://events.ithaca.edu/event/ithacappella_block_iv,2020-04-18T20:00:00-04:00,"","<p>Join Ithacappella for our fourth&nbsp;and final major concert of the year! Join us as we bid farewell to our seniors the best way we know- singing! Featuring fun a cappella versions of some of your favorite songs-&nbsp;join us for a fun, music-filled night!</p>
"
140,1601676,String/Piano Chamber Music,https://events.ithaca.edu/event/stringpiano_chamber_music,2020-04-20T19:00:00-04:00,,"Monday, 4/20/2020
7:00pm  |  Hockett Family Recital Hall
String/Piano Chamber Music


Free, open to the public"
140,1601734,Piano Ensemble,https://events.ithaca.edu/event/piano_ensemble,2020-04-21T19:00:00-04:00,,"Tuesday, 4/21/2020
7:00pm  |  Hockett Family Recital Hall
Piano Ensemble


Free, open to the public"
660,1601686,Jazz Repertory Ensemble,https://events.ithaca.edu/event/jazz_repertory_ensemble_7257,2020-04-21T20:15:00-04:00,,"Tuesday, 4/21/2020
8:15pm  |  Ford Hall
Jazz Repertory Ensemble


Free, open to the public"
140,1601677,String/Piano Chamber Music,https://events.ithaca.edu/event/stringpiano_chamber_music_6571,2020-04-22T19:00:00-04:00,,"Wednesday, 4/22/2020
7:00pm  |  Hockett Family Recital Hall
String/Piano Chamber Music


Free, open to the public"
660,1601687,Percussion Ensemble,https://events.ithaca.edu/event/percussion_ensemble_2143,2020-04-22T20:15:00-04:00,,"Wednesday, 4/22/2020
8:15pm  |  Ford Hall
Percussion Ensemble   


Free, open to the public"
140,1601716,Piano Vocal Duos,https://events.ithaca.edu/event/piano_vocal_duos_6047,2020-04-23T19:00:00-04:00,,"Thursday, 4/23/2020
7:00pm  |  Hockett Family Recital Hall
Piano Vocal Duos


Free, open to the public"
660,1601667,Chamber Orchestra,https://events.ithaca.edu/event/chamber_orchestra_1290,2020-04-23T20:15:00-04:00,,"Thursday, 4/23/2020
8:15pm  |  Ford Hall
Chamber Orchestra


Free, open to the public"
660,1601688,Chorus and Madrigal Singers,https://events.ithaca.edu/event/chorus_and_madrigal_singers_3921,2020-04-24T20:15:00-04:00,,"Friday, 4/24/2020
8:15pm  |  Ford Hall
Chorus and Madrigal Singers


Free, open to the public"
660,1601689,Campus Band,https://events.ithaca.edu/event/campus_band_1948,2020-04-25T13:00:00-04:00,,"Saturday, 4/25/2020
1:00pm  |  Ford Hall
Campus Band


Free, open to the public"
660,1601723,Jazz Lab Band and Campus Jazz Ensemble,https://events.ithaca.edu/event/jazz_lab_band_and_campus_jazz_ensemble_4104,2020-04-25T15:00:00-04:00,,"Saturday, 4/25/2020
3:00pm  |  Ford Hall
Jazz Lab Band and Campus Jazz Ensemble


Free, open to the public"
660,1601730,Choir and Women’s Chorale,https://events.ithaca.edu/event/choir_and_womens_chorale_1149,2020-04-25T20:15:00-04:00,,"Saturday, 4/25/2020
8:15pm  |  Ford Hall
Choir and Women’s Chorale


Free, open to the public"
660,1601712,Symphony Orchestra,https://events.ithaca.edu/event/symphony_orchestra_9830,2020-04-26T16:00:00-04:00,,"Sunday, 4/26/2020
4:00pm  |  Ford Hall
Symphony Orchestra


Free, open to the public"
140,1601674,Jazz Vocal Repertory Ensemble,https://events.ithaca.edu/event/jazz_vocal_repertory_ensemble_6448,2020-04-27T19:00:00-04:00,,"Monday, 4/27/2020
7:00pm  |  Hockett Family Recital Hall
Jazz Vocal Repertory Ensemble


Free, open to the public"
660,1601718,Percussion Ensemble,https://events.ithaca.edu/event/percussion_ensemble_92,2020-04-27T20:15:00-04:00,,"Monday, 4/27/2020
8:15pm  |  Ford Hall
Percussion Ensemble


Free, open to the public"
660,1601668,Campus Choral Ensemble,https://events.ithaca.edu/event/campus_choral_ensemble_4832,2020-04-28T19:00:00-04:00,,"Tuesday, 4/28/2020
7:00pm  |  Ford Hall
Campus Choral Ensemble


Free, open to the public"
660,1601682,Sinfonietta,https://events.ithaca.edu/event/sinfonietta_9378,2020-04-28T20:15:00-04:00,,"Tuesday, 4/28/2020
8:15pm  |  Ford Hall
Sinfonietta


Free, open to the public"
660,1601690,Jazz Ensemble,https://events.ithaca.edu/event/jazz_ensemble_3694,2020-04-29T20:15:00-04:00,,"Wednesday, 4/29/2020
8:15pm  |  Ford Hall
Jazz Ensemble


Free, open to the public"
660,1601727,African Drumming and Dance,https://events.ithaca.edu/event/african_drumming_and_dance_771,2020-04-30T20:15:00-04:00,,"Thursday, 4/30/2020
8:15pm  |  Ford Hall
African Drumming and Dance


Free, open to the public"
660,1601669,Wind Symphony and Concert Band,https://events.ithaca.edu/event/wind_symphony_and_concert_band_128,2020-05-01T20:15:00-04:00,,"Friday, 5/1/2020
8:15pm  |  Ford Hall
Wind Symphony and Concert Band


Free, open to the public"
660,1601696,Brass Choir and Trombone Troupe,https://events.ithaca.edu/event/brass_choir_and_trombone_troupe_7691,2020-05-02T12:00:00-04:00,,"Saturday, 5/2/2020
12:00pm  |  Ford Hall
Brass Choir and Trombone Troupe


Free, open to the public"
140,1601673,Opera Workshop,https://events.ithaca.edu/event/opera_workshop_5431,2020-05-02T14:00:00-04:00,,"Saturday, 5/2/2020
2:00pm  |  Hockett Family Recital Hall
Opera Workshop


Free, open to the public"
660,1601702,Jazz Vocal Ensemble,https://events.ithaca.edu/event/jazz_vocal_ensemble_2195,2020-05-02T16:00:00-04:00,,"Saturday, 5/2/2020
4:00pm  |  Ford Hall
Jazz Vocal Ensemble


Free, open to the public"
660,1601719,Conducting Masterclass Concert,https://events.ithaca.edu/event/conducting_masterclass_concert_4191,2020-05-02T20:15:00-04:00,,"Saturday, 5/2/2020
8:15pm  |  Ford Hall
Conducting Masterclass Concert


Free, open to the public"
